,battery_power,blue,clock_speed,dual_sim,fc,four_g,int_memory,m_dep,mobile_wt,n_cores,pc,px_height,px_width,ram,sc_h,sc_w,talk_time,three_g,touch_screen,wifi,result,probability
0,1043,1,1.8,1,14,0,5,0.1,193,3,16,226,1412,3476,12,7,2,0,1,0,3,0.7957804588691395
1,841,1,0.5,1,4,1,61,0.8,191,5,12,746,857,3895,6,0,7,1,0,0,3,0.9988194022114686
2,1807,1,2.8,0,1,0,27,0.9,186,3,4,1270,1366,2396,17,10,10,0,1,1,2,0.8434374665606326
3,1546,0,0.5,1,18,1,25,0.5,96,8,20,295,1752,3893,10,0,7,1,1,0,3,0.9999999703261933
4,1434,0,1.4,0,11,1,49,0.5,108,6,18,749,810,1773,15,8,7,1,0,1,1,0.9658372395412562
5,1464,1,2.9,1,5,1,50,0.8,198,8,9,569,939,3506,10,7,3,1,1,1,3,0.9975367948398732
6,1718,0,2.4,0,1,0,47,1.0,156,2,3,1283,1374,3873,14,2,10,0,0,0,3,0.9999999984358976
7,833,0,2.4,1,0,0,62,0.8,111,1,2,1312,1880,1495,7,2,18,0,1,1,1,0.9832610799046286
8,1111,1,2.9,1,9,1,25,0.6,101,5,19,556,876,3485,11,9,10,1,1,0,3,0.9840540262964061
9,1520,0,0.5,0,1,0,25,0.5,171,3,20,52,1009,651,6,0,5,1,0,1,0,0.9996555239516602
10,1500,0,2.2,0,2,0,55,0.6,80,7,6,503,1336,3866,13,7,20,0,1,0,3,0.9999999092171085
11,1343,0,2.9,0,2,1,34,0.8,171,3,6,235,1671,3911,15,8,8,1,1,1,3,0.9999998703554914
12,900,1,1.4,1,0,0,30,1.0,87,2,3,829,1893,439,6,2,20,1,0,0,0,0.9995579850819457
13,1190,1,2.2,1,5,0,19,0.9,158,5,15,227,1856,992,13,0,16,1,1,0,0,0.9885655301922074
14,630,0,1.8,0,8,1,51,0.9,193,8,9,1315,1323,2751,17,6,3,1,1,0,2,0.9903346352338686
15,1846,1,1.0,0,5,1,53,0.7,106,8,7,185,1832,563,9,5,10,1,0,1,0,0.9833316654662312
16,1985,0,0.5,1,14,1,26,1.0,163,2,17,613,1511,2083,13,3,14,1,1,0,2,0.9949408699823631
17,1042,0,2.9,0,5,1,48,0.2,186,4,15,335,532,2187,9,2,5,1,0,0,1,0.9959202374014012
18,1231,1,1.7,1,2,1,37,0.2,194,2,3,82,1771,3902,19,12,15,1,0,1,3,0.9999996714543966
19,1488,0,2.6,0,9,0,37,0.7,189,4,20,47,559,2524,5,0,6,0,0,0,2,0.6250305020672987
20,968,0,0.6,0,8,1,7,0.7,151,1,17,504,1930,1357,15,1,16,1,1,0,1,0.9957009091817416
21,529,0,2.6,1,1,0,60,0.5,101,5,5,521,1591,3456,13,11,9,0,1,0,3,0.9571931983190579
22,1558,0,1.7,1,7,0,50,0.1,115,2,10,777,1587,1641,17,0,9,0,1,1,1,0.6737124763982852
23,533,1,0.7,1,16,0,58,0.8,97,5,18,512,1111,2322,17,3,2,0,1,0,1,0.9685720379101191
24,1037,0,1.7,1,1,0,5,0.7,125,3,6,1194,1321,3862,17,4,7,1,1,0,3,0.9999998884604631
25,1025,0,1.6,1,6,1,43,0.7,122,3,16,1003,1306,557,15,10,14,1,1,1,0,0.9994742177247671
26,1858,0,3.0,1,0,0,17,0.6,124,4,1,575,1200,2427,16,11,13,1,1,0,2,0.9738869408798713
27,980,0,0.5,0,1,0,8,0.1,91,5,5,54,658,625,17,3,7,0,1,1,0,0.9999676938594763
28,644,1,0.5,1,9,0,15,0.2,139,5,10,627,630,3836,10,9,10,1,0,1,3,0.9224465183848365
29,1024,1,1.6,1,0,1,38,0.8,81,2,0,129,1048,854,11,3,10,1,0,0,0,0.9997177407043732
30,1981,0,2.9,1,2,1,11,0.3,184,8,13,876,1408,2383,11,2,18,1,0,0,2,0.7799248824602759
31,1380,0,2.6,1,15,1,56,0.5,187,8,16,501,643,926,9,5,7,1,0,0,0,0.9988485664228814
32,1557,1,1.7,1,1,0,32,0.3,152,7,11,1407,1633,3048,17,11,7,1,0,0,3,0.9999981416159041
33,1201,1,2.2,1,10,0,49,0.8,175,4,20,722,992,824,18,13,9,1,0,0,0,0.9988183132215863
34,1074,1,1.2,0,0,0,45,0.8,193,3,6,1219,1904,874,11,7,2,1,0,0,0,0.8595169747079884
35,1175,1,2.1,0,3,0,33,0.9,124,6,8,119,1777,1617,5,3,7,0,0,1,1,0.9981658019126354
36,1280,0,0.9,1,4,1,8,0.6,96,6,5,753,1557,3309,17,16,8,1,0,1,3,0.9986900556639018
37,1715,0,0.6,1,1,1,28,0.4,112,6,16,162,847,1786,19,2,12,1,0,1,1,0.9733726292875188
38,1165,0,0.9,0,4,0,40,0.9,150,2,11,313,528,3128,13,0,14,1,0,0,2,0.9918308106058172
39,567,0,2.6,0,0,0,2,0.2,87,4,1,181,566,2243,16,6,10,0,1,1,1,0.9997762950353041
40,1952,1,1.4,0,2,0,47,0.8,190,2,10,1416,1892,994,9,5,17,0,1,1,1,0.8661057235931676
41,822,1,1.4,1,2,0,43,0.3,189,8,7,645,851,2749,13,4,16,1,0,1,2,0.8785763955533786
42,685,1,0.5,1,0,0,12,0.5,121,6,15,79,633,793,5,4,11,0,0,1,0,0.9999692418065836
43,1388,1,0.6,1,12,1,17,0.6,174,5,19,153,972,324,14,0,3,1,0,0,0,0.9999505681986142
44,1972,0,2.1,0,2,0,48,0.6,188,3,14,480,748,366,5,3,17,1,1,0,0,0.9995727007364108
45,1411,1,1.7,0,9,1,57,0.5,80,7,17,700,1234,1228,17,3,7,1,1,0,1,0.9997453314449698
46,1094,0,2.3,1,2,0,20,0.9,135,1,5,221,610,1413,7,0,16,0,1,1,0,0.9949879733944816
47,1653,0,0.7,1,1,1,13,0.5,114,4,15,1585,1896,2617,16,4,18,1,1,1,3,0.997908239724372
48,916,0,2.0,1,9,0,33,0.7,142,7,20,65,1867,1798,11,5,5,1,1,0,1,0.9972167181388165
49,1712,0,0.8,0,1,0,29,0.3,149,7,6,556,816,2693,7,1,5,1,1,0,2,0.9770952567475852
50,882,1,0.9,1,13,0,32,0.8,103,8,14,224,764,2437,17,14,15,0,1,1,1,0.8955616479275182
51,632,0,1.2,0,6,1,33,0.5,101,2,10,705,992,837,16,4,3,1,0,0,0,0.9997943065783633
52,1442,1,0.5,1,0,0,56,0.4,165,3,3,709,1695,2815,6,0,8,0,1,1,3,0.5812217289003901
53,900,0,1.9,0,11,0,47,0.2,150,8,14,97,663,1440,14,2,4,1,1,1,0,0.9978639854791788
54,1630,1,0.6,1,4,0,20,0.9,153,7,10,1131,1360,3470,17,6,4,1,1,0,3,0.9999998272485771
55,1596,1,1.4,1,6,0,24,0.3,174,5,15,359,1022,1251,18,15,2,1,1,1,1,0.8769094849512036
56,1272,1,0.5,0,9,1,54,0.6,133,8,11,1813,1871,3181,10,6,14,1,0,1,3,0.9999997288106534
57,1640,0,2.5,1,1,0,7,0.2,135,4,2,839,1788,1361,9,1,7,0,1,1,1,0.9509823532653408
58,1111,0,1.4,1,10,0,15,0.5,198,7,14,550,666,1630,13,5,2,1,0,1,1,0.9670014424412589
59,1889,1,2.9,0,15,0,25,0.3,90,2,17,443,755,3689,9,6,2,1,0,1,3,0.9999995328692942
60,1907,1,1.1,1,1,0,22,0.1,80,8,4,502,1113,3586,11,2,6,1,0,1,3,0.9999997349927664
61,529,0,2.5,1,5,0,56,0.3,139,4,6,130,647,3942,10,0,7,0,0,1,3,0.7882114637629009
62,578,0,0.5,0,3,1,38,0.7,121,6,5,19,667,1431,5,0,7,1,0,0,0,0.9994288041446978
63,1634,1,2.3,1,2,1,39,0.4,164,1,7,386,636,2167,12,0,20,1,1,1,1,0.6133033714014011
64,1533,1,1.2,1,1,1,22,0.6,172,3,15,22,1345,1248,9,2,9,1,0,0,1,0.5931581399521157
65,660,0,0.6,0,5,1,47,0.1,83,3,6,49,1552,1986,8,0,15,1,1,0,1,0.9983951656417203
66,1847,1,1.6,0,10,1,28,0.2,111,4,14,1497,1508,1378,5,2,18,1,0,1,2,0.7008411198948508
67,1206,1,0.5,1,6,0,10,0.8,134,8,20,1327,1361,2959,5,1,20,0,0,1,3,0.9448983933004413
68,549,1,0.5,0,3,1,53,0.8,173,5,5,555,1386,1893,5,2,19,1,1,1,1,0.999574513418246
69,1705,1,2.8,0,2,1,23,1.0,122,3,20,1560,1808,1676,8,6,20,1,1,1,2,0.9896621029279693
70,1366,0,0.5,1,4,0,36,0.1,185,1,16,346,702,1912,17,13,19,0,0,1,1,0.993394378491184
71,1991,0,0.5,0,5,0,58,0.6,109,5,6,912,1660,1947,10,5,7,1,0,1,2,0.987451698367697
72,1102,1,1.2,0,5,1,40,1.0,175,3,14,756,882,2734,15,12,4,1,1,0,2,0.9847600786314533
73,1452,0,1.1,0,3,1,32,0.5,175,3,5,699,1704,3617,16,1,12,1,1,0,3,0.9999998202368585
74,1810,1,1.1,1,6,0,63,0.9,151,1,19,582,1752,3414,18,10,10,1,0,0,3,0.9999997957752206
75,1166,1,2.2,1,2,1,41,1.0,165,7,4,680,1078,482,19,11,11,1,1,1,0,0.9998163269634628
76,881,1,0.8,1,5,0,6,0.4,117,6,12,814,1015,2813,18,1,17,1,0,1,2,0.9918875852917282
77,1134,1,0.5,1,0,1,64,0.5,166,5,0,672,1597,661,13,7,20,1,0,0,0,0.9987543280356503
78,1031,1,2.0,1,1,1,20,0.7,177,1,4,450,911,2546,9,6,12,1,0,1,2,0.5072518929013874
79,1376,1,2.4,1,0,1,34,0.4,167,6,1,757,1371,3922,5,0,2,1,0,0,3,0.9999999583760036
80,1391,0,1.4,1,2,1,56,0.1,137,5,8,208,900,1199,15,8,10,1,1,1,0,0.9893527417917417
81,979,0,2.1,0,6,0,24,0.6,124,5,16,1194,1256,3779,7,2,20,0,1,0,3,0.99999959825499
82,1075,1,1.9,0,0,0,36,0.6,127,4,3,1335,1427,3870,8,3,20,1,1,0,3,0.9999999639902201
83,968,0,0.5,1,13,1,61,0.1,168,8,16,91,1585,858,8,7,11,1,1,0,0,0.999352347188541
84,1999,0,0.5,1,1,1,15,0.7,183,8,11,33,653,3840,19,17,12,1,0,1,3,0.9999995828964509
85,1626,0,2.7,0,3,0,20,0.1,164,2,17,1095,1499,454,8,4,6,1,1,0,0,0.9959354836783428
86,942,0,1.7,1,14,0,28,0.8,153,8,20,336,797,3953,13,11,7,0,0,1,3,0.9985518089672848
87,1182,0,1.7,0,4,1,42,0.9,189,3,20,659,661,1633,14,3,6,1,0,1,1,0.9915866054873083
88,1982,1,0.8,1,9,0,48,0.4,98,6,16,183,709,3035,10,4,9,1,0,1,3,0.9306582608085335
89,1373,0,1.4,1,3,0,27,0.6,80,8,6,652,1100,966,14,0,9,0,0,1,0,0.8467195212643563
90,1151,0,1.7,1,8,0,44,0.5,107,8,17,410,1014,1761,7,4,10,1,0,0,1,0.9983336472449611
91,1650,1,2.1,1,6,0,51,0.9,99,5,15,440,1416,1938,14,0,3,0,1,1,2,0.7577731628620525
92,1663,1,0.6,1,0,0,17,0.7,152,4,2,532,886,2820,14,1,5,1,1,1,2,0.9653106487921065
93,1965,1,0.5,0,0,1,3,0.9,168,7,17,1373,1949,305,6,0,20,1,0,0,1,0.839740406923155
94,679,0,0.9,1,0,0,41,0.3,154,4,1,773,920,2838,19,7,6,0,0,1,2,0.934031671285195
95,1465,0,2.5,0,2,0,3,1.0,90,5,8,965,974,2042,8,2,12,0,1,1,2,0.731377659432338
96,1809,1,2.2,1,3,0,27,0.3,137,5,19,568,1864,700,11,10,12,1,0,0,1,0.7769178105327343
97,757,1,2.4,1,8,1,26,0.2,164,8,17,652,1157,2593,19,3,15,1,0,1,2,0.763147630002369
98,1034,1,0.7,0,7,1,47,0.2,105,6,15,214,1463,1835,8,1,9,1,0,0,1,0.994864447384669
99,1119,1,2.5,0,9,0,23,0.8,81,4,19,423,1003,3121,15,4,5,0,1,0,2,0.7141090648225131
100,559,1,0.5,1,0,1,24,0.8,103,4,5,537,627,2023,14,1,2,1,0,0,1,0.9999288914994229
101,1204,1,1.8,0,9,0,19,0.8,113,8,15,667,1872,737,10,5,18,0,0,0,0,0.9926727438012191
102,1008,0,2.3,1,4,1,15,0.4,89,8,19,491,692,450,11,7,18,1,0,0,0,0.9999642795738587
103,1397,1,2.7,1,4,0,19,0.5,146,7,13,1037,1829,2928,12,2,4,0,0,0,3,0.9943927038175528
104,697,0,0.6,1,0,1,34,0.1,114,4,6,325,610,1694,14,8,8,1,0,1,0,0.9759571985974614
105,1939,1,1.3,0,5,0,58,0.3,174,2,17,49,974,2593,11,6,6,0,0,1,2,0.9950849219259053
106,1039,0,1.9,1,2,0,15,0.7,113,1,5,1324,1945,745,9,2,10,0,0,0,0,0.7796283503881801
107,1605,1,1.3,0,1,1,51,0.8,83,4,20,597,921,1310,11,9,10,1,1,1,1,0.9995452257264644
108,1094,0,1.6,1,2,0,34,0.6,128,8,4,765,836,2743,9,3,20,0,0,1,2,0.9915978418500685
109,769,1,0.5,1,1,1,30,0.8,190,3,9,470,1115,3976,12,10,11,1,0,1,3,0.99849369385779
110,861,1,0.6,1,0,0,40,0.1,132,2,13,653,1062,3931,18,14,2,0,0,0,3,0.9999974218722679
111,504,0,0.9,1,4,0,63,1.0,169,2,16,463,1609,3455,17,15,15,0,0,1,3,0.7859631563756121
112,1930,1,1.6,1,5,1,64,0.3,119,4,17,325,1205,1533,5,1,6,1,0,1,1,0.9350240490557191
113,1795,1,0.6,1,10,0,52,0.3,140,2,16,855,910,3876,18,17,2,1,0,0,3,0.9999999793604919
114,1363,0,1.6,1,3,1,2,0.9,159,7,6,912,1684,3239,11,5,11,1,0,0,3,0.9990057508332363
115,1376,1,2.8,0,3,1,38,0.1,195,2,4,492,1110,3628,13,2,13,1,0,0,3,0.9999950850390309
116,1981,1,0.5,0,2,0,19,0.4,123,7,3,605,769,3663,15,0,2,1,0,0,3,0.9999998031881318
117,1901,0,2.7,0,4,0,62,0.7,133,3,17,401,1989,1786,16,10,5,0,1,1,2,0.9705369507366811
118,1319,0,1.3,1,10,0,5,0.1,140,8,17,366,1821,3502,14,6,3,1,0,0,3,0.9999975355329023
119,859,1,2.7,0,5,0,58,0.4,178,1,16,1225,1358,815,10,4,2,1,0,1,0,0.9977807969238547
120,1664,1,2.1,0,10,0,25,0.1,147,3,11,573,856,275,9,3,11,1,1,1,0,0.9998438861871738
121,955,0,0.5,1,0,0,62,0.4,151,1,1,261,538,3758,15,3,18,1,1,1,3,0.8924303461335668
122,517,0,1.5,1,3,0,38,0.1,97,7,4,680,1138,2747,11,5,2,0,1,1,2,0.8417294045056459
123,1806,0,1.1,0,2,1,64,0.3,133,5,7,280,683,1809,7,6,6,1,1,1,1,0.9458094795618839
124,1348,0,0.8,0,6,1,50,0.1,123,4,11,565,1443,2086,12,8,20,1,0,0,2,0.8017264449613849
125,1455,0,1.4,0,0,0,16,0.4,164,1,1,1379,1673,444,14,2,7,0,1,0,0,0.9936874293227784
126,1611,0,1.7,1,5,0,25,0.6,92,5,18,949,1297,3467,9,1,8,1,1,1,3,0.9999995568851701
127,1573,1,3.0,1,3,1,24,1.0,125,8,5,703,911,2776,5,3,17,1,1,1,2,0.923907295235747
128,557,0,0.5,0,0,1,23,0.5,197,5,1,1264,1682,3170,12,2,7,1,1,0,2,0.5459004169283806
129,1599,1,0.5,0,4,0,31,0.1,130,2,5,1816,1917,1234,11,10,9,0,1,0,2,0.5235126483610242
130,1051,1,0.9,1,0,0,16,0.1,100,7,9,108,894,305,12,0,3,1,1,1,0,0.9999855698960733
131,1857,1,1.4,1,0,0,14,0.9,102,2,0,1328,1743,1745,15,10,20,0,0,0,2,0.9922187431212353
132,1986,0,0.5,0,6,0,24,0.9,174,6,9,797,1061,1707,5,3,12,1,0,1,2,0.5296652117835271
133,591,1,0.7,0,1,0,21,0.1,185,6,7,361,555,2220,11,10,13,1,1,0,1,0.9997455614256953
134,1140,0,1.6,1,0,1,56,0.3,131,7,4,1049,1715,3130,6,5,9,1,0,1,3,0.9967670624732273
135,923,1,0.6,0,0,1,10,0.8,80,2,3,357,1718,1500,18,9,9,1,1,0,1,0.9998582764109234
136,1582,0,0.5,0,0,0,33,0.4,200,1,9,197,764,2145,9,7,18,1,1,1,1,0.8067875151651668
137,723,0,0.5,0,5,0,63,0.5,172,8,14,906,1801,488,5,0,8,1,0,1,0,0.9996972770599014
138,1251,1,3.0,1,3,1,54,0.8,83,5,4,806,1405,3863,6,1,14,1,1,0,3,0.9999999009932586
139,574,1,1.0,1,4,1,60,0.1,139,2,7,924,1498,2913,14,0,9,1,0,0,2,0.9876806541999907
140,948,1,0.5,1,5,1,60,0.2,116,2,10,223,1148,2094,12,7,15,1,1,1,1,0.9818975987048705
141,1571,0,2.8,1,4,0,44,0.4,194,5,5,140,718,3141,8,1,17,0,0,1,2,0.9026515859152703
142,564,1,0.5,0,2,0,33,0.6,192,1,6,113,863,2573,13,6,2,0,1,1,1,0.9872863672135239
143,1466,0,2.4,1,14,1,57,0.9,155,6,18,1531,1727,2340,18,15,4,1,1,0,3,0.7041586353887627
144,597,1,3.0,1,0,0,16,0.5,140,2,0,35,708,3788,12,0,5,0,0,1,2,0.9067033349006024
145,895,1,2.5,1,10,1,9,0.5,148,7,14,1524,1691,3445,11,5,15,1,0,0,3,0.9999989977001442
146,1535,0,2.5,1,13,1,37,1.0,82,4,16,838,1667,3241,6,0,15,1,0,1,3,0.9999976564379097
147,1832,1,0.7,0,7,0,44,0.3,125,2,17,495,596,2976,19,3,9,0,0,0,3,0.7646853745815237
148,1045,1,1.6,0,0,1,58,0.2,177,4,12,1212,1772,2241,19,15,11,1,1,0,2,0.9858243694521944
149,1483,1,0.8,0,4,1,61,0.6,128,1,10,655,814,3843,11,8,20,1,0,1,3,0.9999995820880812
150,976,0,2.0,0,0,1,5,0.9,184,7,14,496,797,3261,8,2,6,1,1,1,2,0.9799502286391063
151,1840,1,1.1,1,0,0,46,0.1,123,4,2,800,1521,3264,8,4,16,0,1,0,3,0.9999993352349161
152,1807,0,0.6,1,0,0,8,0.1,89,8,15,1010,1425,826,11,1,20,0,0,0,1,0.9996900154978428
153,624,1,1.6,1,14,0,30,0.1,192,2,16,102,1052,1314,16,1,10,0,1,1,0,0.9991145649224616
154,1963,0,0.5,0,7,1,38,0.4,193,3,15,948,1406,2699,7,0,10,1,1,0,3,0.9548562620087103
155,1307,1,0.5,0,0,1,4,0.3,132,4,1,82,1236,2565,8,4,19,1,1,1,2,0.944092305324855
156,1933,1,0.5,1,6,0,23,0.1,102,7,7,1286,1846,3973,13,10,19,0,0,1,3,0.9999999999600001
157,1496,1,1.3,1,0,0,42,0.9,124,2,5,264,995,3537,15,14,6,1,0,0,3,0.9982197765265415
158,1532,1,2.0,0,0,0,7,0.2,134,2,10,75,834,3449,5,4,7,1,1,1,3,0.8700924682050937
159,1004,0,1.1,1,7,1,8,0.8,97,2,9,461,919,3895,14,13,20,1,1,0,3,0.9992249854962427
160,1483,1,1.2,1,10,1,38,0.1,87,5,14,321,1410,2777,17,9,16,1,1,0,2,0.658571286511473
161,945,0,2.4,0,3,0,47,0.4,141,2,11,120,1341,2904,19,14,5,0,0,0,2,0.9899780916921088
162,1081,0,3.0,0,7,1,17,0.1,89,5,17,174,1683,3774,17,15,16,1,1,0,3,0.999997752398761
163,1012,0,2.8,1,6,1,32,0.9,87,3,14,1341,1997,3034,17,5,10,1,1,0,3,0.9983119601595322
164,1762,0,1.0,0,5,0,50,0.9,104,3,12,1337,1684,2940,19,18,15,0,0,1,3,0.9999983181443328
165,796,1,2.3,1,1,1,36,0.3,127,8,14,494,935,3932,5,1,5,1,1,1,3,0.9984057004020284
166,1547,0,2.5,0,12,1,50,1.0,98,5,16,849,1024,1168,17,2,17,1,1,1,1,0.9997603759038172
167,988,0,1.6,0,6,1,12,0.8,132,4,8,644,1291,376,9,1,17,1,0,1,0,0.99991062646857
168,1180,1,3.0,0,7,1,43,0.8,102,1,16,1557,1985,3510,9,5,13,1,1,1,3,0.9999999623452728
169,852,1,1.9,0,3,1,3,0.5,161,2,4,376,872,542,14,9,9,1,0,1,0,0.9999616590964236
170,607,1,0.8,0,1,1,18,0.2,146,7,3,151,532,550,12,1,12,1,0,1,0,0.9999924554063839
171,1765,0,0.5,0,0,0,24,0.4,135,1,0,450,830,791,5,1,4,1,0,1,0,0.9969619347321601
172,1250,0,0.5,0,18,0,63,0.7,165,1,19,1336,1532,1895,13,6,7,0,1,0,2,0.8148888875809909
173,1577,0,2.6,1,0,0,55,0.5,109,5,0,1411,1718,609,6,0,20,1,1,1,1,0.9811828303410395
174,1153,1,0.5,1,5,0,14,0.2,135,5,6,742,1236,263,19,10,14,1,0,1,0,0.9999099983927616
175,651,1,0.7,0,0,0,35,0.4,113,7,5,1046,1414,2141,13,4,19,1,1,1,1,0.7609786830457946
176,1186,1,2.3,1,1,0,25,0.1,88,4,7,85,1012,1270,18,9,17,0,1,0,0,0.991484489438926
177,1429,1,2.5,0,6,0,33,0.1,121,5,7,889,1846,403,11,6,18,1,1,1,0,0.9978539390078343
178,556,0,0.9,0,4,1,10,0.8,135,8,12,182,688,2040,13,12,2,1,0,0,1,0.9679010682456967
179,1735,1,2.7,0,5,1,21,0.1,126,3,8,282,1261,2597,16,12,8,1,0,1,2,0.9838447459111996
180,1859,0,0.7,0,8,1,42,0.1,127,2,16,1168,1612,714,19,7,16,1,0,1,1,0.9995819282743761
181,915,0,1.3,0,3,0,10,0.1,188,2,5,74,1266,423,13,3,14,0,1,1,0,0.9999703006023192
182,890,0,0.5,0,5,0,9,0.4,113,1,10,457,1134,1238,6,2,17,0,0,1,0,0.9954651950720838
183,758,0,2.8,0,13,0,48,0.7,101,3,18,1842,1896,926,9,5,18,0,0,0,1,0.9910137824856499
184,541,0,2.1,0,0,1,28,0.4,156,7,4,103,1039,2704,14,0,5,1,1,0,1,0.880200643793127
185,586,0,2.9,1,6,1,33,0.2,195,8,17,1470,1644,2817,5,2,5,1,1,1,2,0.9738737707667918
186,762,1,0.6,1,11,1,39,0.7,164,1,14,1065,1686,2271,12,7,8,1,1,0,2,0.7564398151356435
187,683,0,0.5,1,0,1,9,0.8,186,7,3,1466,1754,1513,6,5,19,1,0,0,1,0.9982146586048433
188,1526,0,0.7,1,10,0,39,0.4,125,3,20,563,1439,339,10,9,19,1,0,1,0,0.9995621157767022
189,1771,1,2.4,0,6,0,39,0.7,188,2,9,460,1203,794,9,1,16,1,1,1,0,0.991781501279238
190,639,0,1.3,0,5,0,28,0.9,113,7,16,983,1369,391,6,2,12,0,0,1,0,0.9999244169872484
191,1783,1,0.9,0,7,1,23,0.9,137,2,8,1114,1953,541,9,5,11,1,1,0,1,0.9784432697464359
192,1933,0,1.2,0,16,1,55,0.2,166,5,20,729,1248,648,10,7,13,1,1,0,0,0.9435977529085996
193,1384,0,1.3,1,3,1,62,0.4,153,1,5,1240,1393,3386,19,1,2,1,1,0,3,0.999999133616121
194,1770,0,2.6,0,12,0,26,0.5,80,1,17,98,1724,1651,18,6,14,0,0,0,1,0.7246377913945687
195,1202,0,0.8,0,2,0,49,0.5,131,1,8,197,1435,1177,15,13,7,1,1,1,0,0.9828178758453857
196,885,0,0.5,1,2,0,3,0.5,163,7,8,813,1666,2887,5,1,13,0,0,1,2,0.9728181712372542
197,1629,1,2.3,0,2,1,2,0.8,86,6,19,1055,1200,2178,19,10,18,1,1,0,2,0.9918619879313991
198,1072,1,0.5,1,6,1,4,0.5,92,1,12,1019,1640,2878,7,5,13,1,0,1,2,0.5179572662743093
199,1863,1,2.5,1,0,0,64,0.7,89,5,1,159,618,3201,5,4,19,1,1,0,3,0.9735963490783389
200,1739,0,2.3,1,1,0,51,0.4,140,4,15,406,691,1490,5,1,9,0,1,1,1,0.9990055190109656
201,895,1,2.5,0,2,0,23,0.5,98,5,3,26,663,2724,16,14,7,0,0,0,1,0.6352501141889613
202,1278,1,2.8,1,0,0,56,0.6,179,1,7,406,1698,3032,9,5,6,0,0,1,3,0.6154516112073833
203,562,1,1.1,1,1,1,43,0.3,141,6,17,918,991,3352,13,12,17,1,1,0,2,0.532020613137986
204,1249,1,2.1,1,0,0,38,0.8,193,5,10,940,1290,3195,19,7,17,0,0,0,3,0.9855741443463548
205,1811,0,1.2,0,18,1,25,0.8,185,6,19,1411,1443,1677,10,6,2,1,1,0,2,0.905160155996769
206,560,1,2.9,1,1,1,12,1.0,161,5,19,465,1797,2620,13,0,16,1,1,1,2,0.8515998429754398
207,1773,1,0.5,0,14,1,61,0.1,141,7,20,847,1562,1061,17,4,15,1,0,1,1,0.9965595087873862
208,1715,1,2.1,0,5,0,11,0.4,100,3,10,314,1276,1018,16,5,8,1,1,1,1,0.9427327447690368
209,725,0,0.5,1,0,1,26,0.8,176,5,1,829,960,1370,7,6,9,1,1,1,0,0.991282834823783
210,800,1,2.2,0,5,1,41,0.1,103,6,9,185,1008,2094,17,16,6,1,0,1,1,0.9981108730911153
211,1300,0,0.5,0,6,1,43,0.1,156,3,12,589,1815,2790,15,4,19,1,0,0,2,0.5004593270957669
212,1001,0,0.8,0,0,0,48,1.0,98,5,0,471,655,1485,10,2,11,1,1,1,0,0.7508241454993789
213,500,0,1.3,1,13,0,64,0.9,134,4,17,1384,1912,2807,19,7,7,0,0,1,2,0.7092359350839759
214,1378,1,2.5,1,4,1,52,0.5,184,3,7,13,641,3528,5,1,7,1,0,0,3,0.7315037690985665
215,951,1,2.4,0,1,1,24,0.1,147,8,20,897,1964,3391,19,4,7,1,0,0,3,0.9992340028771826
216,1038,1,0.5,1,1,0,48,0.2,99,6,2,83,1103,1073,5,4,2,0,0,1,0,0.9989690758970672
217,987,1,1.2,1,1,0,20,0.9,108,6,5,237,1427,2811,7,4,17,1,0,0,2,0.9922518386587075
218,1698,0,0.5,0,6,1,21,0.1,196,7,7,614,1254,778,7,3,3,1,1,1,0,0.9860482990164923
219,1762,1,0.9,1,14,0,11,0.1,107,4,17,647,801,3628,9,3,10,0,0,1,3,0.9999993114593125
220,785,0,2.4,0,6,0,16,0.2,135,3,13,223,1366,2637,12,8,16,0,0,0,2,0.7839575852411674
221,1851,0,2.4,1,2,0,59,0.1,151,3,18,278,1198,2892,10,0,5,1,1,0,3,0.8567766428401424
222,1698,0,0.5,1,2,0,62,0.4,189,3,13,1459,1565,2805,11,2,19,0,0,1,3,0.9981766779438923
223,1976,0,2.8,0,0,0,4,0.8,93,8,1,1146,1436,804,5,1,14,0,1,0,1,0.9989430722964531
224,1649,1,0.5,0,4,1,53,0.4,162,4,11,261,1316,361,12,7,19,1,1,1,0,0.9996921950970811
225,1157,1,2.6,1,4,0,4,0.9,149,7,6,878,1737,1453,17,10,9,1,0,0,1,0.9971953870344262
226,1702,0,0.5,0,1,1,54,0.4,131,5,2,1112,1578,359,13,12,5,1,1,0,0,0.9959644282544525
227,1040,1,0.6,0,0,0,54,0.3,199,2,5,458,959,3886,15,5,20,0,1,1,3,0.9999939885206859
228,790,1,2.1,1,2,1,29,0.7,106,6,11,521,1996,557,11,2,2,1,1,1,0,0.9996096059815273
229,1429,0,2.9,0,2,0,58,0.2,128,4,3,417,983,2005,15,1,9,0,1,0,1,0.8270688463881832
230,739,1,3.0,0,14,0,56,0.7,103,8,20,134,1696,630,17,2,11,1,0,0,0,0.9998729914175346
231,1364,1,1.6,1,6,1,44,0.1,174,7,8,615,1142,2741,9,3,18,1,0,1,2,0.9903547456622802
232,1580,0,2.8,1,0,0,45,1.0,196,8,7,1017,1092,2214,12,9,19,0,0,1,2,0.9818022629319199
233,1384,1,2.2,1,0,0,49,0.7,189,1,0,725,1741,1387,13,3,13,1,1,1,1,0.9960854164756151
234,1037,0,2.9,1,2,0,57,0.7,83,6,5,749,965,3148,16,13,9,1,0,0,3,0.871365048441974
235,1519,0,1.5,0,12,0,43,0.1,183,1,14,868,1637,853,5,0,7,0,1,1,1,0.6444755952487695
236,989,0,0.5,0,15,0,20,0.4,153,1,16,68,947,3614,17,5,10,1,1,0,3,0.7073555511548291
237,1040,1,0.5,1,3,0,41,0.8,116,3,18,299,608,1006,12,7,18,0,0,1,0,0.9996191081614878
238,1240,1,1.4,0,3,1,9,0.9,93,5,7,477,1319,3959,14,9,15,1,0,0,3,0.9999998101187015
239,1273,1,2.0,0,15,1,7,0.9,143,1,16,288,706,1743,12,7,13,1,1,0,1,0.9997915656577905
240,1784,0,0.5,0,8,0,28,0.3,171,4,9,1145,1680,2192,15,13,2,1,0,0,2,0.9348665457078581
241,1169,1,1.4,1,7,1,51,0.1,177,7,19,515,720,329,14,6,13,1,0,1,0,0.999966323845638
242,703,1,2.4,0,1,1,27,0.1,138,1,6,47,1820,502,12,4,11,1,1,1,0,0.9999376364345535
243,959,1,1.0,0,5,1,15,0.4,119,5,9,121,934,3000,15,0,15,1,1,1,2,0.9873037768906363
244,1292,1,3.0,1,1,1,63,0.3,157,6,8,452,1309,1413,13,2,10,1,1,1,1,0.9980587324264986
245,1927,1,2.1,0,0,0,5,0.9,139,6,1,603,1228,2913,15,10,8,0,0,0,3,0.9830327502893365
246,1477,1,1.7,0,1,0,15,0.4,178,8,5,1381,1459,2684,18,13,8,1,1,1,3,0.7905022458269064
247,1759,0,0.5,1,9,0,58,0.2,101,2,12,510,615,3428,17,0,9,1,1,0,3,0.9986133018624841
248,831,0,2.2,0,0,1,31,0.3,197,3,1,1460,1591,1629,8,1,5,1,1,0,1,0.990008152003185
249,1803,0,1.1,1,1,1,41,0.2,146,2,10,102,613,1873,14,1,20,1,1,1,1,0.965059425972293
250,1361,0,0.6,0,0,1,64,1.0,91,3,2,174,574,3751,18,6,19,1,1,0,3,0.9980555703833276
251,1183,1,1.4,0,1,0,32,0.8,197,1,4,884,1475,637,12,6,16,0,0,1,0,0.9985162384764923
252,917,1,1.3,0,0,0,53,0.2,166,5,1,750,1339,603,12,6,7,1,0,1,0,0.9996966737944555
253,1278,1,0.5,1,2,0,7,1.0,192,5,3,319,587,3067,10,2,4,1,1,1,2,0.9963356041046767
254,1247,1,0.5,0,0,0,28,0.4,191,7,5,901,1447,3268,16,3,15,0,1,0,3,0.994379485149686
255,930,0,1.0,1,5,1,40,0.8,128,7,15,775,1224,3816,13,0,2,1,1,1,3,0.9999981114896833
256,1019,0,1.7,1,0,1,5,0.7,177,3,8,889,1840,1850,10,5,11,1,0,1,1,0.8935317721022437
257,1855,1,0.8,0,0,1,26,0.8,161,4,0,986,1339,3481,8,7,19,1,1,1,3,0.9999999176836547
258,1730,0,0.5,1,4,0,54,0.7,93,3,7,283,1151,1695,19,5,17,0,1,0,1,0.9050762194005016
259,1972,0,2.2,1,4,1,5,0.9,95,3,19,955,1781,625,10,1,10,1,1,1,1,0.9997855180610502
260,1887,0,2.3,1,4,0,35,0.9,115,2,7,178,1275,3203,7,5,15,1,0,0,3,0.9973824858776453
261,1590,0,1.9,0,0,0,13,0.4,111,6,1,759,1187,2440,19,0,3,1,0,1,2,0.9922726208780696
262,603,1,2.7,0,0,1,42,0.2,135,8,0,746,754,1934,14,10,11,1,0,0,1,0.9998269493594891
263,560,1,2.1,0,11,1,37,0.6,121,4,14,237,551,3278,15,9,7,1,1,0,2,0.9694437217590631
264,1981,1,1.6,1,10,0,34,0.1,117,5,20,929,1552,3764,11,4,14,1,0,1,3,0.9999999981067058
265,1190,1,2.1,0,0,1,18,0.6,160,6,2,644,1070,3571,6,5,5,1,0,0,3,0.9966511200068735
266,1396,1,0.8,1,7,1,10,0.3,108,4,16,646,1721,3881,13,0,9,1,1,1,3,0.9999999757253486
267,1598,1,1.7,1,0,0,57,0.9,89,1,1,371,783,1663,14,9,14,1,0,1,1,0.9954239755360095
268,1692,0,2.2,0,5,1,11,0.1,151,3,7,1256,1386,524,5,2,10,1,1,0,0,0.9549508243166481
269,628,1,0.5,0,0,1,26,0.5,106,8,2,389,517,1853,13,10,12,1,1,1,1,0.6043002824455599
270,1883,0,0.7,1,1,0,6,0.9,145,6,4,123,1320,2067,8,0,9,1,0,1,2,0.8333361873029708
271,819,1,0.5,0,5,1,16,0.1,163,1,10,663,1788,3325,15,5,16,1,0,0,3,0.9226662478848516
272,651,0,1.6,1,0,1,7,0.6,129,1,6,1268,1423,2151,19,10,20,1,1,1,1,0.7112245809717177
273,723,0,1.1,0,2,0,27,0.7,145,2,9,98,1175,2044,13,6,11,0,1,0,1,0.9994770707639111
274,1367,1,0.9,0,2,1,58,0.6,184,4,20,721,1210,3946,16,9,9,1,0,0,3,0.9999999313371924
275,1784,1,1.4,0,1,1,3,0.3,125,5,5,1424,1672,2110,10,5,8,1,0,1,2,0.9527913176781488
276,1744,1,0.9,1,5,1,35,0.3,137,7,9,915,1554,656,17,4,7,1,0,0,1,0.6762704521614993
277,1086,0,2.5,0,11,0,7,0.5,116,6,14,635,1839,3297,18,0,16,1,0,0,3,0.9969197902645439
278,899,0,1.7,1,0,1,3,0.1,165,8,0,167,1239,1296,14,11,9,1,0,1,0,0.9960868969972154
279,896,0,0.8,0,3,0,29,0.5,91,6,10,135,820,1650,16,6,13,1,0,0,0,0.4981903549532167
280,1714,0,1.6,1,9,1,59,0.5,186,8,19,991,1274,2546,18,10,11,1,1,1,2,0.538987612909003
281,1395,1,0.6,0,5,0,38,0.3,167,6,16,896,1501,915,5,4,6,1,1,0,0,0.5809585724354213
282,786,0,1.8,1,2,0,28,0.5,198,1,7,3,1058,331,14,2,2,1,0,1,0,0.9999917387905999
283,1687,0,1.2,1,4,0,14,0.9,120,2,14,924,1461,3975,19,3,10,0,1,1,3,0.9999999980841041
284,669,1,2.6,1,18,1,10,0.6,171,5,20,1300,1834,2801,6,2,10,1,0,0,2,0.9604219720678212
285,1423,1,2.1,0,1,0,51,0.8,178,4,18,633,1371,3331,8,2,8,1,1,0,3,0.9975714695656728
286,1600,0,2.0,1,5,0,44,0.1,98,1,8,735,1205,2939,8,3,19,1,1,1,3,0.927806442953037
287,1621,1,0.6,1,14,0,59,0.7,160,7,16,213,1120,2706,12,3,20,1,0,0,2,0.9776932592348614
288,1672,1,1.9,0,10,0,37,0.3,194,7,15,495,839,1335,7,1,8,0,1,1,1,0.9983521183539654
289,1934,0,2.7,0,9,1,48,0.1,128,4,18,475,853,3370,7,6,2,1,0,1,3,0.9992907325057612
290,1650,1,0.6,0,0,0,62,0.3,81,3,15,1305,1918,2596,5,2,10,0,0,0,3,0.9965467776347833
291,1700,0,0.5,1,1,0,33,0.8,189,5,2,382,1151,2477,9,8,3,0,0,1,2,0.9926107198296206
292,1550,1,2.0,0,1,1,29,0.6,171,5,2,572,1499,3465,10,1,14,1,1,0,3,0.9999986561576245
293,626,0,1.9,0,4,0,8,0.2,185,2,6,16,1410,2589,15,10,14,0,1,1,1,0.8398392289146592
294,1737,1,2.0,1,0,0,14,0.4,156,5,2,1028,1757,2363,8,0,10,1,0,1,2,0.893540972550589
295,1370,0,1.7,0,1,0,6,0.7,113,1,7,482,1689,1302,7,3,3,0,0,1,1,0.9995902614821833
296,1899,1,0.8,1,15,0,14,0.4,191,4,16,1200,1345,1677,5,1,14,0,0,1,2,0.8385417750423497
297,848,1,0.6,0,0,0,31,0.7,123,5,1,299,756,1108,15,6,18,1,1,0,0,0.999517499454842
298,1430,1,2.0,1,0,1,16,0.2,171,4,1,696,757,2916,6,3,10,1,1,0,2,0.9836454257299105
299,768,1,0.5,1,1,0,45,0.1,175,4,16,1164,1376,3947,6,1,12,1,1,0,3,0.9999997867033983
300,1856,1,1.9,1,9,1,15,0.5,160,3,14,450,714,1514,7,1,13,1,1,0,1,0.9978359638121858
301,900,1,0.5,0,11,1,64,0.7,149,4,12,164,708,942,13,5,2,1,1,0,0,0.9998384508699144
302,1729,0,2.3,1,0,0,38,0.2,136,7,8,77,1910,700,8,2,7,1,1,1,0,0.9791126412664458
303,1533,1,2.8,0,3,0,42,0.2,87,1,13,1316,1618,3246,10,2,8,0,1,0,3,0.9999995273794785
304,1210,1,2.3,0,0,0,63,0.9,141,6,4,51,1761,977,14,6,20,1,0,0,0,0.9953986921266483
305,1880,1,1.8,1,1,1,10,0.5,198,8,4,1664,1708,3538,19,16,17,1,0,1,3,0.9999999987948813
306,996,0,0.5,1,14,0,61,0.8,174,7,15,400,989,1235,11,10,16,1,1,1,0,0.9965402765932923
307,1175,0,3.0,1,12,1,40,0.1,172,5,18,812,1251,1507,15,14,18,1,1,0,1,0.9990607957363635
308,1773,0,0.5,1,7,0,33,0.3,143,5,13,831,1170,1994,16,9,20,1,0,0,2,0.9525659107849833
309,1263,0,2.4,1,11,1,54,0.6,100,5,14,12,1857,458,12,5,15,1,0,0,0,0.9997130481102168
310,1956,0,1.2,1,10,1,5,0.8,156,4,11,870,1753,2130,7,3,10,1,1,1,2,0.9898969959008128
311,992,0,1.6,1,10,0,27,0.3,162,4,14,106,767,3894,15,9,13,1,0,1,3,0.9895397885913941
312,911,1,1.7,0,1,1,13,0.3,126,5,2,713,760,1843,13,6,11,1,0,1,1,0.999604491629325
313,1979,0,0.5,1,15,0,54,0.3,136,3,19,669,1311,3151,12,1,20,1,1,1,3,0.9999970712763564
314,1899,0,0.5,1,0,1,55,0.3,93,4,0,1359,1981,1796,7,4,11,1,0,1,2,0.9620844345613504
315,1649,1,0.8,1,1,1,40,0.1,159,3,3,177,586,2755,15,9,3,1,0,1,2,0.9912570565203488
316,1095,1,1.8,1,9,0,47,0.3,152,6,15,354,1827,1334,12,2,12,0,0,1,1,0.9937655779041509
317,1074,0,0.7,0,0,1,61,0.6,117,4,11,305,1770,2791,7,1,12,1,0,1,2,0.9586302465462047
318,656,0,2.7,1,0,1,48,0.2,164,2,0,303,508,1132,5,0,14,1,0,0,0,0.9998198872328867
319,1394,1,2.7,1,7,0,8,0.8,150,3,9,215,1018,730,15,7,4,0,1,1,0,0.999497033435906
320,1632,1,1.1,0,2,1,45,0.8,132,4,3,22,1256,379,18,13,19,1,0,0,0,0.999817798205808
321,1225,0,2.9,0,13,0,35,0.5,128,3,17,1324,1490,1261,12,4,15,0,0,0,1,0.9975271510284779
322,1337,1,2.4,1,0,0,48,0.9,107,6,2,819,1129,3213,10,5,15,0,0,0,3,0.9935773449093754
323,1178,1,1.1,1,0,1,11,0.5,98,2,1,1549,1661,2106,17,10,4,1,0,1,2,0.9858117007321787
324,1269,0,1.5,1,1,0,51,0.7,180,4,19,410,1782,827,15,6,12,1,1,0,0,0.9951407961386061
325,1526,1,1.2,0,7,1,32,0.5,128,4,12,1152,1592,647,19,3,18,1,0,1,0,0.761835239595226
326,986,0,0.7,1,7,1,16,0.4,144,8,9,234,628,300,8,5,7,1,0,1,0,0.9999907634395032
327,848,0,0.5,1,1,1,41,0.2,171,2,2,388,1015,3939,6,3,3,1,1,0,3,0.9977484699213979
328,1904,1,0.5,1,8,0,14,0.5,95,4,13,636,828,2091,8,0,6,0,1,1,2,0.9348699933487389
329,803,1,2.2,1,0,0,16,0.1,105,1,0,199,736,1492,17,12,18,1,0,0,0,0.9967589585984105
330,1399,1,1.9,1,1,0,56,0.3,153,1,15,130,611,3128,17,2,19,1,1,0,2,0.9622231105833849
331,788,1,1.5,1,0,1,22,0.5,163,4,6,1114,1732,3750,13,10,12,1,0,1,3,0.9999995800458125
332,579,1,1.1,0,6,1,58,0.2,125,1,9,786,1685,1435,18,9,10,1,0,0,1,0.7535572619413282
333,1010,0,0.7,1,4,1,28,0.5,195,8,5,117,841,3302,14,2,7,1,1,0,2,0.9815299101423285
334,530,1,0.5,1,0,0,47,0.5,93,3,2,463,912,3455,19,8,2,1,1,1,2,0.8784196013297954
335,1289,1,1.8,0,1,0,64,0.6,125,7,14,173,548,2782,9,3,14,0,0,1,2,0.9713251031516477
336,1877,1,0.5,0,4,0,10,0.9,123,8,6,134,610,3969,6,0,7,0,0,1,3,0.9999998065576055
337,1764,0,2.7,0,11,1,48,0.9,90,7,17,444,581,1589,19,10,20,1,1,1,1,0.9920708032957651
338,1709,0,2.2,1,1,1,13,0.6,191,6,6,74,516,3899,16,13,3,1,0,1,3,0.9999983255503814
339,1690,0,1.3,1,0,0,28,0.9,85,3,1,1304,1332,3571,18,2,6,1,0,1,3,0.999999971664647
340,600,0,2.5,1,3,0,9,0.2,145,4,10,584,714,2800,17,6,5,0,1,0,2,0.49643976174930354
341,743,0,0.5,0,9,1,53,0.3,149,2,10,670,1070,2938,9,3,13,1,1,1,2,0.9927812269596419
342,1850,0,2.2,1,9,0,41,0.8,133,8,13,27,518,3032,8,1,10,1,1,1,2,0.7972652208521436
343,1297,0,0.5,1,12,0,17,0.1,196,1,14,559,813,3652,19,4,12,0,1,1,3,0.9931321385471134
344,1706,0,1.8,1,10,1,44,0.2,137,5,13,716,1440,3238,5,3,20,1,0,0,3,0.9999967186719744
345,1967,0,0.5,0,11,1,23,0.6,135,5,16,931,1726,325,16,0,3,1,0,1,0,0.9415508050993191
346,1392,1,0.5,1,6,0,63,0.5,181,2,9,573,1468,3850,12,8,13,0,1,0,3,0.9999998975932991
347,1248,1,2.1,1,2,1,12,0.1,170,2,3,328,1378,1266,11,0,6,1,1,0,0,0.4945861189523937
348,894,1,0.5,1,2,0,27,0.3,192,2,6,932,1576,3454,9,4,14,0,1,0,3,0.9916465054743715
349,1829,0,0.5,0,2,1,54,0.6,98,3,20,383,1160,1634,7,0,12,1,0,0,1,0.8660191677330964
350,1372,0,0.6,0,3,1,42,0.7,124,6,10,68,1998,3208,18,5,9,1,1,1,3,0.9940720176420655
351,1429,1,1.0,0,7,0,11,0.7,150,4,8,436,813,1955,7,5,2,1,1,0,1,0.9759290665999272
352,706,0,0.5,1,10,1,4,0.8,190,5,18,204,966,3735,12,7,20,1,1,1,2,0.5078196404011035
353,649,0,1.9,0,0,0,51,0.6,179,4,12,1174,1388,3446,11,5,18,0,1,1,3,0.9837795601592444
354,1137,1,0.8,0,3,1,7,1.0,122,3,18,537,620,946,13,4,7,1,0,1,0,0.9993876333095466
355,1320,1,0.5,1,11,1,6,0.2,164,1,14,1034,1836,1626,11,9,14,1,0,1,1,0.8340892219496008
356,792,0,0.8,0,7,0,48,0.5,144,4,16,371,888,1583,15,2,20,0,1,1,0,0.958812424669212
357,918,1,2.7,0,7,0,25,0.9,149,7,8,178,1850,3676,6,2,2,1,0,1,3,0.9978933532089066
358,929,1,0.5,1,7,1,13,1.0,146,7,8,213,1714,1704,15,2,5,1,0,0,1,0.9995500682908184
359,767,1,0.5,1,4,0,30,0.8,100,5,8,798,1955,3485,9,1,4,1,0,1,3,0.9986945014035862
360,1739,0,2.6,0,9,0,39,0.5,135,8,10,86,1957,1882,13,12,8,1,1,0,2,0.8666361597137174
361,1315,0,0.5,0,0,1,15,0.4,134,1,0,489,624,3928,8,4,8,1,0,1,3,0.9999982932098858
362,1388,0,1.4,1,4,1,31,0.6,184,1,14,1338,1443,346,8,2,12,1,0,0,0,0.9986635463323893
363,1981,0,2.5,1,1,0,36,0.3,94,4,2,128,1457,395,9,7,15,0,1,0,0,0.9988095176007203
364,569,0,0.5,1,1,1,53,1.0,170,8,20,457,1555,1243,17,10,10,1,1,0,0,0.9967035556131599
365,1930,0,1.3,0,2,0,57,0.2,151,1,9,678,1117,682,16,10,8,0,0,1,0,0.9840277045462427
366,725,1,0.5,0,10,0,61,0.8,108,3,17,260,508,3074,7,6,12,0,0,1,2,0.9456719157247506
367,1690,0,2.2,0,0,0,51,0.8,130,8,15,713,1092,451,6,4,7,0,0,1,0,0.9990895959285276
368,712,1,1.4,0,1,1,33,0.2,86,4,5,163,799,1471,15,0,10,1,0,0,0,0.9977255514096725
369,1603,1,0.5,1,8,1,37,1.0,95,8,9,1430,1622,1748,15,10,5,1,1,0,2,0.9618080929834629
370,1850,1,2.8,0,0,0,18,0.1,132,8,3,633,1382,1853,15,0,9,1,1,0,2,0.8588875624260984
371,1472,1,0.7,1,4,1,41,1.0,145,3,6,242,619,1514,8,1,16,1,1,1,1,0.9818334073611328
372,1858,0,0.7,1,1,1,43,0.2,167,5,3,1154,1473,1886,9,3,7,1,1,1,2,0.9869894698499724
373,1543,1,2.6,1,0,1,46,0.8,116,8,13,48,679,3023,6,4,4,1,1,0,2,0.9132635389333813
374,652,1,2.8,1,4,0,37,0.8,174,6,11,416,1652,2904,16,8,16,0,0,0,2,0.9915959508122492
375,546,0,1.8,1,6,1,55,0.9,100,6,12,493,1477,628,12,3,10,1,1,1,0,0.9999083079076733
376,1408,1,1.4,1,1,0,6,0.9,145,8,3,621,692,1833,9,1,19,0,1,0,1,0.9904036851270457
377,1021,0,1.5,1,3,1,31,0.1,97,7,10,189,1327,1066,18,15,17,1,1,1,0,0.998050230078472
378,567,0,1.4,1,14,0,60,0.1,111,2,15,152,1326,1150,17,16,4,1,0,1,0,0.9993969298385722
379,1967,1,2.6,1,4,0,62,1.0,91,8,10,1355,1850,2839,13,7,10,1,0,0,3,0.9999992738750427
380,1658,0,2.0,1,8,1,61,0.1,180,3,20,443,1100,2857,7,1,5,1,0,1,2,0.7509361839600457
381,1088,1,3.0,1,2,1,52,0.3,164,7,4,86,588,1447,19,16,15,1,1,1,0,0.9964364100765233
382,542,1,0.7,0,2,1,12,0.2,185,2,3,1674,1969,3445,17,2,4,1,1,1,3,0.9999971415345915
383,788,0,1.6,1,6,1,52,0.1,96,1,20,530,1436,1941,14,0,19,1,1,0,1,0.9832785746802546
384,576,1,2.5,1,10,0,57,0.7,179,5,15,1009,1656,2522,11,5,12,0,1,0,2,0.93287879185945
385,950,1,1.6,0,5,1,41,0.5,188,3,20,193,727,2932,10,7,20,1,0,0,2,0.937712286759724
386,518,1,0.8,0,3,1,17,0.5,133,3,7,564,765,2239,7,3,7,1,1,1,1,0.9988771261038196
387,1996,1,1.9,0,4,0,55,0.3,81,7,8,890,1661,1852,8,2,4,0,1,1,2,0.9938290533361487
388,1197,0,2.9,0,6,1,38,0.1,83,6,17,1516,1910,3525,13,9,16,1,0,0,3,0.9999999561868603
389,1006,1,2.5,1,9,0,14,0.7,186,1,12,348,640,1955,17,6,9,1,1,0,1,0.9997688544305837
390,1679,1,1.5,0,2,1,4,0.1,133,4,3,349,531,1557,16,15,12,1,0,1,1,0.999689175798785
391,1262,0,1.4,1,7,1,64,0.1,116,7,16,37,1018,3060,5,1,4,1,1,1,2,0.9399798272989898
392,560,0,1.3,1,13,0,29,1.0,160,1,19,906,1189,2832,16,1,7,1,0,0,2,0.9623904064803244
393,904,0,2.4,0,5,1,55,0.6,158,4,13,529,764,2008,6,1,16,1,0,0,1,0.9982859978977116
394,1834,1,2.1,0,1,1,55,0.1,137,3,10,670,1179,2420,15,3,8,1,0,1,2,0.974660744348499
395,681,0,1.2,1,8,0,13,0.8,87,3,17,288,621,292,12,10,18,0,0,1,0,0.9999956867263168
396,687,0,0.6,1,13,1,14,0.4,185,2,16,721,1620,1580,19,4,19,1,1,1,1,0.9922562843800649
397,863,0,2.9,0,11,1,52,0.8,119,6,13,1060,1547,1345,7,0,20,1,0,0,1,0.9997813557333366
398,518,1,2.7,0,0,1,45,0.7,159,6,15,564,739,1208,10,9,9,1,1,0,0,0.9995389683988872
399,1488,0,1.8,0,0,1,2,0.1,124,4,0,765,777,3349,17,6,2,1,0,0,3,0.9935515196190625
400,944,0,2.4,0,0,0,35,0.5,127,3,1,7,719,2804,9,4,10,1,1,0,2,0.6670090880678052
401,1283,0,0.5,1,6,0,48,0.5,176,6,9,880,964,1182,11,8,17,1,1,0,0,0.7039679428040617
402,817,1,1.0,1,13,1,40,0.8,140,4,17,1180,1790,436,19,6,14,1,0,1,0,0.9994745672862976
403,804,0,2.6,1,2,0,49,0.6,105,1,18,638,939,2256,16,1,7,1,0,1,1,0.9275589590944155
404,1883,1,2.6,0,2,1,50,0.1,169,5,3,313,561,427,17,8,10,1,0,1,0,0.9997729939570771
405,1177,0,0.5,0,5,1,2,0.9,141,7,12,490,793,715,19,5,4,1,0,0,0,0.9997435802436928
406,1765,1,2.0,0,7,0,18,0.9,85,4,8,791,1580,1199,7,4,10,1,0,0,1,0.9869489962277429
407,1997,0,2.1,0,10,1,60,0.7,84,8,16,1130,1687,788,17,15,8,1,0,1,1,0.9924967475104017
408,989,1,2.6,1,1,0,14,0.2,148,4,11,513,1089,507,13,10,13,0,1,1,0,0.9999079371042792
409,1370,1,0.6,1,0,1,56,0.5,124,6,3,919,1113,974,5,4,15,1,0,0,0,0.7890268361427504
410,861,0,0.5,0,0,0,64,0.8,105,7,1,1376,1864,600,15,1,12,0,1,0,0,0.9970689083648199
411,1745,0,1.8,0,0,0,45,0.1,110,2,2,1070,1445,2352,11,9,16,1,0,1,2,0.8153054470331371
412,1187,0,0.6,1,0,1,4,0.7,92,8,0,709,1306,2518,14,12,20,1,1,1,2,0.9901919606616743
413,1422,1,1.8,0,12,0,3,0.9,145,1,13,1023,1223,3941,9,7,2,0,0,0,3,0.9999999827151435
414,658,1,2.4,0,0,1,38,1.0,94,8,1,479,1300,2585,19,2,8,1,0,0,2,0.6503568165080411
415,1180,1,2.3,1,0,1,32,0.8,97,2,1,1603,1762,3504,17,7,10,1,1,1,3,0.9999999295839096
416,521,1,2.6,1,1,1,64,0.8,200,4,11,575,1089,834,6,5,12,1,1,1,0,0.9998704699117137
417,666,0,1.1,0,1,1,28,0.9,179,1,13,157,1466,3850,7,5,9,1,1,1,3,0.9797041621706538
418,805,1,1.5,0,0,0,25,0.3,174,2,3,522,553,1580,15,13,3,1,0,0,0,0.992214561197654
419,1008,1,2.9,0,0,0,39,0.9,161,6,5,565,1228,3589,14,1,18,1,0,1,3,0.9940230349564995
420,986,0,2.8,0,0,1,26,0.1,80,8,9,0,1214,1316,7,5,8,1,0,0,0,0.9915215696785232
421,1655,0,2.0,0,0,0,23,0.6,192,2,1,586,641,1872,11,9,13,1,1,0,1,0.9601799155045868
422,1391,1,0.5,0,0,1,53,0.2,114,5,1,996,1521,1114,8,0,17,1,0,1,1,0.9995485408091964
423,1042,1,0.5,1,11,0,13,0.1,148,3,20,98,569,1715,17,7,7,1,1,1,0,0.6195364454389324
424,916,1,1.1,1,5,1,44,0.9,116,3,16,893,1132,2367,8,5,7,1,0,1,2,0.701730408829614
425,681,0,2.6,0,1,0,29,0.9,162,3,7,1262,1332,575,15,5,4,1,1,1,0,0.9996655936641552
426,1224,1,1.1,1,1,1,34,1.0,138,6,3,1545,1751,2992,13,5,3,1,1,0,3,0.9986683973468611
427,1234,0,2.1,1,4,1,44,0.4,107,3,17,797,1054,2819,13,3,8,1,0,1,2,0.9038382196948608
428,1093,1,2.7,0,8,0,63,0.5,138,8,9,605,1966,3556,13,2,13,0,0,1,3,0.9999986915579013
429,583,0,0.5,0,9,1,33,0.9,136,5,18,1673,1774,3236,12,9,13,1,0,0,3,0.9977030186622412
430,1598,1,1.0,1,8,1,49,0.5,115,2,14,537,1233,1313,12,2,7,1,1,0,1,0.9992879207624548
431,1988,1,2.8,1,3,0,34,0.4,163,3,16,1221,1981,2872,7,6,20,1,1,1,3,0.9999994708385092
432,1746,0,0.5,1,9,0,51,0.8,184,7,19,754,790,1822,18,17,15,0,1,0,1,0.7330276257415926
433,907,1,2.7,0,8,0,53,0.7,156,2,13,10,1881,3469,8,5,12,1,0,0,3,0.9620350688628233
434,1472,0,0.5,0,3,1,53,0.7,103,1,4,438,690,2001,14,0,14,1,1,1,1,0.9136029203006499
435,916,1,1.3,0,5,0,10,0.8,173,4,8,43,1012,3706,9,8,15,0,1,0,3,0.7444827093533269
436,1427,1,0.8,1,2,0,31,0.9,186,1,20,934,1005,2542,7,6,10,0,0,0,2,0.9951256170470718
437,1101,1,2.9,1,3,0,5,0.5,141,5,7,90,642,1567,15,2,11,1,1,0,0,0.9292941571501178
438,723,1,0.5,0,0,0,36,0.8,104,4,0,263,514,2669,17,6,16,0,0,1,1,0.8676767611070875
439,1403,0,0.7,1,4,0,32,0.1,117,1,5,257,551,2499,16,10,4,0,0,1,2,0.6850597222634319
440,657,1,0.8,1,4,0,45,0.1,87,1,6,843,1260,2273,15,12,10,0,1,0,1,0.7605450734849394
441,1688,1,0.8,0,0,0,14,0.9,118,1,2,48,1425,1773,13,0,18,1,1,1,1,0.9110214866758842
442,1086,0,0.5,0,10,0,35,0.6,125,7,17,577,1296,421,7,5,6,1,0,1,0,0.999866073457369
443,876,1,1.1,0,2,1,48,0.9,196,2,3,524,1225,630,17,9,18,1,0,1,0,0.9998427104378579
444,1065,0,0.5,0,0,0,25,0.6,189,6,1,776,996,1114,5,1,19,0,0,1,0,0.9950872426840386
445,1235,0,1.5,0,3,0,33,0.1,164,8,16,633,1891,1623,10,3,20,1,1,1,1,0.9275779329160762
446,1959,1,2.7,0,0,1,2,0.2,92,3,11,992,1418,2125,14,7,8,1,1,0,2,0.9772246432185416
447,650,1,1.5,0,12,0,48,0.8,187,4,14,986,1291,1622,8,6,19,1,1,1,1,0.9919471164150537
448,1465,1,2.9,0,0,0,38,0.3,88,1,7,478,613,1162,14,10,10,1,1,1,0,0.9707152239929323
449,1030,0,0.9,0,6,1,29,0.1,113,1,7,174,624,3762,5,4,12,1,0,0,3,0.9570892074698346
450,853,1,1.9,1,17,1,26,0.5,94,6,18,114,817,3069,19,17,20,1,0,0,2,0.9858860388725681
451,744,1,2.2,0,6,1,52,0.9,196,4,7,268,600,1571,7,5,18,1,1,1,0,0.9967327734450371
452,583,1,1.1,1,15,0,24,0.4,168,2,19,301,1111,3260,14,6,14,1,1,0,2,0.9955765041125592
453,690,0,0.5,0,2,0,62,0.3,88,1,9,633,1240,3206,16,10,19,1,0,0,2,0.5372740933389356
454,683,1,1.9,1,16,1,56,0.1,190,1,17,144,585,592,17,9,3,1,0,0,0,0.9999879985818212
455,590,0,2.3,1,2,0,30,0.3,178,3,14,486,825,1188,18,11,14,1,0,1,0,0.9994743662349033
456,1266,1,1.0,0,0,1,2,0.7,87,7,1,640,1357,3067,11,10,16,1,0,1,3,0.8613770284008834
457,815,1,1.8,0,9,0,18,0.9,83,7,12,243,525,2131,17,7,5,0,1,0,1,0.9995200870066346
458,1893,1,1.5,1,0,1,42,0.5,179,1,3,1133,1851,1425,19,1,10,1,0,0,2,0.6398500890215159
459,1202,0,2.5,1,3,0,22,0.4,112,2,8,1900,1959,291,5,2,4,0,0,0,0,0.9904935153641476
460,1577,1,1.5,0,16,1,3,0.7,180,8,17,523,573,3116,13,6,16,1,1,0,2,0.756965387655571
461,1234,0,2.9,0,8,1,44,0.8,129,1,12,1783,1891,2440,7,4,19,1,1,0,3,0.7760916969011393
462,717,0,1.8,0,1,1,25,0.4,173,5,8,668,1587,3631,6,5,6,1,0,1,3,0.9935517650835449
463,1074,1,1.5,0,5,0,35,0.6,193,4,13,269,597,1104,16,10,15,0,1,0,0,0.9993605792425725
464,1439,1,1.2,0,11,1,58,0.2,183,1,20,794,1552,3069,17,11,2,1,1,0,3,0.9898713189786291
465,983,1,1.6,0,7,1,55,0.4,168,8,8,205,963,1425,14,0,4,1,1,0,0,0.9884255166338831
466,1988,0,2.5,0,7,1,63,0.6,153,4,11,615,937,2276,13,7,11,1,0,0,2,0.9919292270076706
467,1692,0,1.3,1,0,1,25,0.7,149,3,12,1111,1898,3192,9,4,3,1,1,1,3,0.9999997221206934
468,718,1,0.5,1,2,0,35,0.9,181,4,5,1226,1763,3021,10,4,12,0,0,1,2,0.5383384290020432
469,1519,0,0.5,0,0,1,36,0.6,93,8,2,661,1852,3082,18,11,9,1,0,0,3,0.9987465538075564
470,776,0,3.0,1,9,0,9,0.5,110,2,12,584,974,1346,5,2,3,0,0,1,0,0.9913471639623838
471,881,1,2.8,0,1,0,36,0.5,167,1,6,1381,1444,2354,19,10,5,1,1,1,2,0.9611297701780885
472,1018,0,0.6,1,0,1,25,0.8,152,7,2,292,616,732,12,8,13,1,1,0,0,0.999914943309947
473,1031,1,0.5,1,2,1,31,0.1,82,8,19,737,1404,2305,10,4,4,1,1,0,2,0.8823417871400039
474,875,0,1.0,0,14,0,37,0.6,151,7,20,1289,1668,2985,6,1,9,1,1,1,3,0.831341689692952
475,1341,0,1.0,0,5,1,40,0.2,128,5,12,1434,1700,265,19,3,3,1,1,1,0,0.9984197162926177
476,560,1,2.4,0,4,1,5,0.3,106,1,8,1338,1386,2050,18,13,6,1,0,0,1,0.9342798509608966
477,1719,0,2.1,0,0,1,63,0.7,189,7,2,589,1637,1669,14,0,13,1,0,1,1,0.6123193755718029
478,1703,0,1.6,0,16,1,43,1.0,139,8,17,178,1972,585,13,11,17,1,1,1,0,0.9939766708417468
479,1408,1,1.8,0,1,0,59,0.8,168,1,2,716,1470,342,8,0,8,1,0,1,0,0.9995700909522108
480,701,1,0.8,0,3,0,53,0.2,87,4,7,1063,1149,1972,9,8,5,1,0,0,1,0.9756149629531579
481,1560,1,0.5,0,14,0,47,0.3,172,2,18,910,1908,1540,17,7,3,0,0,0,1,0.660935320993535
482,695,1,1.0,0,4,0,51,0.8,93,5,5,174,538,2463,7,2,4,1,1,1,1,0.9890511716020156
483,1487,0,0.6,0,18,1,6,0.8,191,4,19,665,1072,3259,11,9,13,1,0,1,3,0.9577235855080668
484,1546,1,2.7,0,3,0,55,0.2,115,7,14,1425,1594,3371,16,7,15,0,0,1,3,0.9999998942176045
485,511,1,0.7,0,12,1,43,0.4,120,4,15,1291,1583,3370,16,5,6,1,0,0,3,0.9908491443197591
486,507,0,1.1,0,5,0,33,0.6,186,1,6,535,897,2884,18,7,7,0,0,0,2,0.6274318867363405
487,1490,1,1.1,0,2,0,10,0.6,130,2,7,1357,1826,2994,16,1,8,1,0,1,3,0.9999970290588184
488,1859,0,0.5,0,0,1,52,1.0,187,1,2,651,966,1604,15,12,10,1,0,0,1,0.9542932137582527
489,1257,0,1.8,0,3,1,31,0.6,155,5,10,1006,1533,2014,15,8,12,1,0,0,2,0.7789110738253647
490,926,0,2.7,1,0,1,29,0.7,118,5,18,349,1594,2709,5,4,18,1,0,1,2,0.9909187422125283
491,1303,0,0.5,0,2,0,7,0.6,98,4,5,740,1908,2865,17,3,12,0,0,0,3,0.9514407929729775
492,657,0,1.6,1,0,0,35,0.6,143,5,14,1189,1545,3617,17,14,14,0,0,1,3,0.9999957396331155
493,1812,0,0.9,1,9,0,44,0.2,197,3,16,299,1212,3814,9,6,13,1,1,0,3,0.9999999102048452
494,1943,0,0.5,1,0,1,29,0.4,121,1,1,440,1126,1990,5,2,11,1,1,1,2,0.8823970786861396
495,1082,1,0.9,0,4,1,24,0.9,167,7,9,425,761,1428,16,0,12,1,1,0,0,0.9515420047948373
496,721,1,2.6,0,1,0,49,0.6,168,4,8,35,598,3473,15,8,17,0,0,0,2,0.9909951285923873
497,654,1,1.5,1,2,0,56,0.7,122,1,4,441,520,2609,7,2,16,1,1,1,1,0.9115680138441888
498,1948,1,0.7,0,2,0,31,0.4,122,2,7,968,1208,2070,5,3,5,1,0,1,2,0.9953636822373755
499,1242,0,1.8,1,4,1,56,0.1,122,1,8,753,1785,2620,18,11,3,1,0,1,2,0.8278912182584127
500,1453,1,0.5,0,0,0,24,0.3,156,1,1,29,1055,1619,11,5,11,1,0,1,1,0.9997329865181407
501,1948,1,2.7,0,3,1,13,0.2,164,7,12,336,587,493,18,7,18,1,1,1,0,0.9995690351745792
502,1232,0,0.9,0,5,0,58,1.0,142,6,6,1062,1393,2334,14,8,13,1,0,1,2,0.990545633358198
503,795,0,0.5,1,4,1,55,0.3,155,3,11,226,1737,3030,12,8,17,1,1,0,2,0.9632811047869835
504,1915,0,0.5,0,4,0,24,0.2,106,4,17,923,1502,345,18,10,20,0,0,1,0,0.9947345902264725
505,532,0,0.5,0,7,0,51,0.6,180,7,14,406,1249,1525,7,6,2,0,1,1,0,0.9915910532063974
506,1899,1,0.5,0,4,1,28,0.1,95,5,7,781,1418,499,5,3,15,1,0,1,0,0.9336924870705267
507,1767,0,2.0,0,5,0,31,0.6,88,5,8,461,556,3989,13,8,7,0,1,0,3,0.9999998923629907
508,1667,1,2.5,0,17,0,5,0.8,119,3,20,211,1797,1496,13,9,12,0,0,0,1,0.9657660769874793
509,1346,0,2.6,1,5,0,31,0.3,140,4,11,17,785,1287,10,6,14,1,0,1,0,0.9943822741712419
510,958,1,2.4,0,1,0,54,0.9,166,7,2,121,630,3324,11,10,18,1,0,1,2,0.9886609003178067
511,1391,0,1.5,1,6,1,39,0.9,88,3,18,491,1737,2367,18,11,12,1,1,0,2,0.987228045535639
512,1176,1,2.3,0,0,0,56,0.7,103,2,1,93,518,2974,6,5,11,1,0,1,2,0.9831825713412252
513,1863,0,1.0,1,5,1,16,0.4,113,2,19,261,684,990,6,5,13,1,0,0,0,0.9586500097569021
514,1911,0,1.1,1,3,1,16,0.7,154,7,4,236,1568,3665,14,12,4,1,1,0,3,0.9999999241872225
515,1789,1,1.8,1,6,1,36,0.5,123,6,11,418,1740,815,5,0,9,1,1,0,1,0.9779498888673185
516,972,1,1.6,0,2,0,64,0.1,85,1,9,550,890,2759,13,7,10,1,0,0,2,0.9816114564646647
517,1256,0,0.5,0,3,0,8,0.4,191,1,9,396,644,2991,7,6,19,1,1,0,2,0.9967131359695335
518,1846,0,1.3,1,0,0,35,0.7,107,6,0,1336,1432,581,16,4,10,1,0,1,1,0.9930418663328119
519,1900,0,1.4,0,0,0,41,0.4,112,8,1,342,778,3611,14,1,6,1,0,0,3,0.9999987874393427
520,769,1,0.6,1,19,1,52,0.7,118,4,20,263,1786,431,15,4,19,1,0,0,0,0.9999241891692843
521,756,0,1.0,0,0,0,33,0.2,177,1,3,506,573,3402,19,0,3,1,1,0,2,0.9883395661798419
522,1728,0,2.3,1,0,1,43,0.7,152,1,0,1029,1535,3480,11,8,20,1,1,0,3,0.9999999261383078
523,1970,0,2.9,0,3,1,9,0.2,163,2,7,110,1454,768,13,2,16,1,0,0,0,0.9653471774697524
524,1021,0,2.1,1,6,1,47,0.3,173,6,18,224,1360,2215,13,12,2,1,1,1,1,0.8807952064539597
525,888,0,2.5,1,5,0,14,0.9,98,5,17,891,1432,1849,5,1,11,0,1,0,1,0.9715990315043566
526,1419,0,0.5,0,0,0,39,0.2,189,7,1,727,1132,3435,9,2,6,0,0,0,3,0.998485813831413
527,1959,1,0.5,0,0,0,30,0.1,153,3,1,901,1027,3057,14,1,18,1,0,0,3,0.9980134094556136
528,1394,0,0.6,0,1,0,63,0.4,103,6,2,1152,1245,1731,19,18,16,1,0,0,1,0.5858598486544297
529,1715,1,2.5,1,2,1,30,0.9,134,7,3,1853,1971,768,19,9,15,1,0,0,1,0.981481687752783
530,588,0,2.9,1,1,0,40,0.3,116,6,5,185,923,2780,5,2,14,0,1,0,1,0.5449043804078693
531,1607,1,0.5,1,2,1,29,0.7,105,2,9,243,1234,3469,10,1,15,1,0,0,3,0.9989358512888267
532,1171,1,2.8,0,8,1,47,0.4,192,1,11,371,674,3092,8,2,5,1,0,1,2,0.9964790272005555
533,1138,0,1.5,1,0,0,57,0.2,85,4,6,1315,1569,313,16,11,20,1,1,0,0,0.9993492850887833
534,1096,0,1.2,1,3,0,40,0.6,113,4,13,614,1757,2931,10,8,14,1,0,0,3,0.7666682191977828
535,906,0,3.0,0,10,1,14,0.5,83,8,15,176,641,1761,17,11,12,1,1,0,1,0.9558518368425151
536,740,0,3.0,1,0,1,47,0.7,166,3,5,417,596,3578,15,5,20,1,1,1,2,0.8288929272871947
537,1435,1,0.5,1,10,1,62,0.1,150,4,14,453,664,369,8,1,4,1,0,1,0,0.999928512169524
538,1745,1,1.2,0,3,1,21,0.2,89,3,14,202,1670,3507,18,1,20,1,1,1,3,0.9999993858953309
539,1995,0,2.6,1,2,1,4,0.8,171,2,20,1133,1972,3452,6,3,19,1,1,0,3,0.9999999962661942
540,1813,0,1.8,1,10,1,28,0.5,159,2,14,1655,1899,981,15,14,14,1,0,1,1,0.8928131082443945
541,1719,1,1.9,1,2,0,40,0.1,118,3,12,658,1778,2534,10,6,5,0,1,1,2,0.5091056077796593
542,812,0,0.5,1,1,1,17,0.6,182,7,11,595,891,3248,13,10,14,1,0,0,2,0.9550465998247379
543,987,1,2.9,0,0,1,63,0.3,154,7,6,150,1623,2646,12,1,6,1,1,1,2,0.9725223973505576
544,977,1,0.7,0,5,0,50,0.5,106,3,6,1124,1758,3454,15,14,19,1,0,1,3,0.9999980850608765
545,1289,1,0.7,0,0,0,7,0.1,99,2,18,489,565,375,5,1,19,0,1,1,0,0.9999558814609749
546,1125,1,0.5,0,3,0,42,0.9,158,1,20,647,751,1622,13,0,9,0,1,1,1,0.9951623838040701
547,1733,1,1.9,1,14,0,28,0.8,104,3,15,749,1203,2246,18,6,12,1,1,0,2,0.993443762593166
548,1333,1,1.2,1,1,0,35,0.9,198,1,4,477,651,3816,18,7,9,0,1,1,3,0.9999929261738693
549,964,1,3.0,1,3,1,48,0.9,131,6,13,829,1154,1597,15,7,18,1,1,1,1,0.999500461244689
550,1613,0,1.3,0,1,1,24,0.4,195,2,5,1141,1590,3733,15,5,5,1,0,1,3,0.9999999918537115
551,1123,1,1.2,0,1,0,8,0.6,171,4,4,1096,1152,2877,17,9,12,0,1,0,2,0.9284675163393566
552,1913,1,2.8,0,0,1,7,0.3,136,4,16,612,1108,3227,6,0,4,1,0,1,3,0.9987369327989728
553,1302,0,0.5,0,3,1,20,0.6,184,7,7,1099,1202,1446,8,6,16,1,0,1,1,0.9979915627193856
554,797,0,1.4,1,0,1,9,0.1,104,1,14,1515,1812,1043,13,11,13,1,1,0,1,0.9641482300959051
555,1074,1,1.5,1,5,0,9,0.1,174,2,7,41,756,1649,16,3,3,0,1,0,0,0.7946702749782754
556,1411,1,2.6,0,0,0,61,0.3,165,5,3,1128,1959,483,16,5,4,1,1,0,0,0.9919794003606069
557,1502,1,2.2,1,0,1,16,0.5,187,5,1,492,750,3712,9,2,16,1,1,1,3,0.9999952921609847
558,983,1,1.5,0,1,0,22,0.1,170,4,20,1542,1765,1694,19,15,8,1,0,1,1,0.7509699810680847
559,1457,0,0.5,1,7,0,8,0.3,120,7,13,786,1032,584,13,4,10,1,0,0,0,0.999088463361426
560,1315,1,0.9,0,3,1,40,0.6,162,6,6,1272,1316,3431,8,2,20,1,1,0,3,0.9999990240928538
561,1514,0,0.7,0,11,0,11,0.2,187,5,17,656,1451,2315,13,0,5,0,0,0,2,0.9864517798688902
562,1604,1,0.5,1,0,1,63,0.8,169,5,1,399,1360,3870,16,13,19,1,1,1,3,0.999999929520874
563,1919,0,0.6,1,11,1,63,0.9,109,8,20,771,1829,2205,9,4,8,1,1,0,2,0.5207499223513803
564,1152,1,3.0,0,2,0,44,1.0,80,3,4,567,1802,986,7,5,8,0,0,1,0,0.5751848542085812
565,664,1,2.9,0,10,1,40,0.1,173,5,15,1002,1260,3366,8,4,5,1,1,0,3,0.7604932602216621
566,1848,0,0.5,0,9,0,36,0.1,174,6,10,317,540,3380,10,2,17,0,0,0,3,0.9915889572675628
567,1319,0,2.0,1,9,1,28,0.8,178,1,19,1080,1886,3095,7,1,17,1,1,1,3,0.9971543447021436
568,1189,1,2.5,0,4,1,20,0.3,171,7,9,1321,1717,2509,17,7,15,1,0,0,2,0.9024300867766029
569,1130,1,1.3,1,1,1,59,0.8,98,6,4,185,555,3785,17,4,5,1,0,1,3,0.9942871491098246
570,654,1,1.3,1,11,0,5,0.7,199,4,14,208,1975,3801,14,13,9,1,1,1,3,0.9953757824960541
571,727,1,0.5,1,0,1,42,0.1,163,8,1,44,757,2039,5,0,19,1,1,1,1,0.9934302945375613
572,1688,0,0.9,1,7,1,53,0.3,88,6,16,598,695,2156,5,4,20,1,1,0,2,0.8881020323475792
573,1275,0,0.5,0,1,0,44,0.6,136,8,2,11,1130,1354,7,5,11,1,0,0,0,0.7955753240900492
574,1108,1,2.2,1,3,1,37,0.4,143,5,14,97,706,3094,6,1,10,1,0,1,2,0.993991448191634
575,839,1,2.7,0,4,0,37,0.7,93,2,7,43,1211,3505,5,1,4,0,0,0,3,0.6148187695709649
576,1464,0,0.5,1,1,1,6,0.4,97,5,2,303,701,3725,9,1,6,1,0,0,3,0.9989786216067303
577,750,1,1.3,0,0,0,33,0.8,156,1,0,645,1680,1422,6,5,7,1,1,0,1,0.8552862211020217
578,1749,0,1.1,0,9,0,57,0.6,183,3,15,415,589,786,8,1,9,1,1,1,0,0.9986629558684074
579,1229,1,0.5,0,2,0,42,0.1,197,5,5,126,666,1712,11,9,15,1,1,1,1,0.866219425917938
580,1506,1,2.9,1,19,1,47,0.6,130,7,20,126,1150,1522,5,1,3,1,0,0,1,0.9995669662448231
581,1887,0,2.1,0,0,0,23,0.5,148,4,20,837,1504,1811,18,16,11,1,1,0,2,0.9562676893178306
582,652,0,0.5,0,6,0,3,0.6,193,1,8,1036,1345,2807,19,17,13,1,0,1,2,0.9897255066256669
583,1422,1,2.8,0,7,0,30,0.5,99,6,14,207,1038,2229,15,5,15,1,0,1,2,0.6039552962638712
584,709,0,1.9,1,10,0,63,0.3,150,4,14,345,601,1509,7,2,7,1,1,0,0,0.9975732356240358
585,583,0,0.5,1,1,1,62,0.8,84,8,6,717,1717,886,13,2,13,1,1,0,0,0.9989341515607254
586,941,0,1.3,1,3,0,26,0.4,128,3,5,994,1494,2875,6,3,11,1,0,1,2,0.9111342146401282
587,763,0,1.2,1,4,1,59,0.6,119,1,17,724,737,2863,18,3,17,1,0,1,2,0.9675740209382808
588,1581,1,1.4,0,0,1,55,0.6,138,2,1,890,1980,3936,5,1,3,1,0,0,3,0.9999999990089832
589,1045,0,1.5,1,5,0,25,0.3,83,2,10,440,1730,2267,18,4,4,1,1,1,2,0.834862018041577
590,1308,1,0.5,1,0,0,34,0.5,169,5,0,432,1219,386,8,0,16,1,0,1,0,0.9998591698193529
591,702,1,1.2,1,1,0,38,1.0,82,5,7,2,1152,3131,11,9,2,0,0,0,2,0.9864696892981821
592,868,1,2.8,0,4,1,36,0.2,175,7,13,123,1735,1655,12,10,5,1,0,0,1,0.9961882734938232
593,877,1,2.3,1,16,0,12,0.9,107,4,20,568,1267,3730,14,3,18,0,0,1,3,0.9982510434598907
594,1275,0,0.5,1,5,0,24,0.3,184,2,11,299,1239,3397,19,15,19,1,1,1,3,0.9413657426462751
595,1439,1,0.5,1,0,0,50,0.7,182,8,1,559,1573,805,8,5,13,0,0,1,0,0.9923140194272724
596,510,0,1.3,1,0,1,15,0.5,131,1,1,268,1505,2187,5,4,17,1,0,1,1,0.9957880013204161
597,1038,1,1.8,0,1,1,42,0.2,150,6,11,79,1186,3984,14,9,20,1,0,0,3,0.999996783310259
598,529,1,1.4,1,13,1,32,0.7,139,2,17,797,878,1561,12,0,3,1,1,1,0,0.9550575958031189
599,1203,1,1.7,0,8,1,20,0.7,157,3,17,1153,1688,2307,7,5,11,1,0,1,2,0.9944932309920318
600,768,1,2.5,0,10,0,13,0.2,133,4,18,520,575,1921,8,2,16,1,0,1,1,0.9983996382286351
601,1780,1,1.5,1,2,0,30,0.2,82,1,8,324,1461,1066,13,6,13,0,0,1,1,0.9997787481401839
602,1021,1,0.9,1,2,1,9,0.5,184,8,4,490,1647,773,13,2,14,1,1,1,0,0.9987804347336088
603,1334,0,1.2,1,0,0,35,0.1,199,2,1,158,971,1038,16,14,17,1,0,0,0,0.9981050350245768
604,1153,1,0.5,0,2,1,34,0.6,133,3,3,1788,1886,2225,9,8,8,1,0,1,2,0.9702855679301059
605,1138,1,1.8,1,0,1,51,0.3,172,4,2,1162,1794,1327,13,12,4,1,1,1,1,0.9974642690512596
606,1263,0,2.3,0,13,0,4,0.9,178,7,18,508,1047,668,14,3,4,0,1,0,0,0.9995606280852968
607,825,0,2.5,0,11,0,56,0.7,173,3,20,783,960,1692,18,1,19,0,1,0,1,0.9928101197429174
608,1894,1,0.5,1,10,0,16,0.1,172,3,20,1634,1937,1021,18,17,16,1,1,0,1,0.7107683502728223
609,1383,0,1.7,0,11,1,40,0.1,147,6,19,487,507,2510,18,9,19,1,1,0,2,0.8850229078992371
610,837,1,1.1,1,2,0,27,0.5,167,4,9,551,1784,2388,5,0,14,0,1,1,2,0.8193307592638874
611,640,0,2.3,0,0,0,63,0.2,94,1,1,1816,1869,346,10,7,10,0,1,0,0,0.9992194757278995
612,1194,1,2.2,1,3,0,3,0.2,90,5,8,46,1288,2872,6,5,13,1,1,0,2,0.9949113915404015
613,520,0,0.6,1,2,1,44,0.6,127,3,9,12,914,3616,15,4,18,1,0,0,2,0.8881268973389689
614,942,1,2.5,0,6,0,11,0.5,196,5,19,451,1310,1783,7,5,18,1,1,1,1,0.9992168203753491
615,558,1,2.2,0,5,1,24,0.1,169,4,16,447,804,482,12,4,4,1,1,0,0,0.9999872348865382
616,1733,0,1.6,1,9,0,56,0.5,111,6,15,633,1649,3352,6,5,9,1,0,0,3,0.9999993707958058
617,1210,0,1.3,0,0,1,52,0.1,183,8,1,567,579,1104,11,2,10,1,0,1,0,0.9981814687849085
618,880,0,0.5,1,7,1,32,0.5,141,4,17,346,739,1141,19,17,20,1,1,1,0,0.9993241120637254
619,1938,1,1.4,1,4,0,60,0.4,171,2,7,76,1084,3691,9,5,3,1,1,0,3,0.9999995409441513
620,657,0,1.3,1,4,0,28,1.0,118,2,19,1444,1735,2602,9,0,7,0,0,1,2,0.9874199819661367
621,1273,0,0.5,1,6,1,47,0.2,98,1,12,685,1352,303,11,2,14,1,0,0,0,0.9998210458150372
622,1842,1,0.5,0,0,1,19,0.2,147,3,0,565,709,585,11,3,19,1,0,0,0,0.9989594921067624
623,1567,1,1.3,0,8,0,45,0.6,99,4,12,870,1020,927,19,9,12,1,1,1,1,0.5394085010080484
624,914,1,1.7,1,6,0,36,1.0,128,2,13,1032,1822,786,19,8,13,1,0,1,0,0.9953078666335731
625,1568,0,1.8,1,4,0,22,0.1,119,8,6,661,1584,294,13,2,2,0,1,0,0,0.9993579996965044
626,873,1,0.5,0,4,1,30,0.2,175,6,18,237,1531,3655,15,13,15,1,0,0,3,0.9941073896304552
627,1371,0,0.5,0,0,1,57,0.8,108,4,5,352,810,286,11,9,9,1,0,0,0,0.9999562996696322
628,1739,0,1.0,0,1,0,15,0.9,100,1,7,426,793,3285,17,8,9,0,1,0,3,0.9938997340856452
629,630,0,2.2,0,1,0,56,0.2,119,8,10,1329,1445,1317,6,5,12,1,1,0,1,0.9685062405742159
630,1507,0,3.0,0,0,1,54,0.3,112,6,9,346,1511,3547,17,6,18,1,0,1,3,0.9999983543104503
631,735,1,0.5,1,4,1,17,0.6,131,2,6,610,1283,2484,11,2,3,1,0,0,1,0.578023024409248
632,941,0,2.5,0,1,1,41,0.3,117,8,4,652,1855,1791,7,4,10,1,0,1,1,0.9532498725152672
633,1216,0,1.7,1,1,0,26,0.7,116,3,4,957,1811,3607,10,0,17,1,0,0,3,0.9999998076633176
634,621,1,1.9,1,10,0,3,0.6,148,8,15,972,997,3521,6,3,10,0,1,0,3,0.8190860490544579
635,934,1,2.4,1,3,0,61,0.2,138,6,4,10,613,1180,14,12,16,0,1,0,0,0.9996064453047312
636,1962,1,0.7,1,1,1,18,0.9,159,7,6,282,507,2026,10,3,15,1,0,1,1,0.7097493662600256
637,574,1,0.5,1,0,0,41,0.8,85,6,13,288,502,1865,6,5,6,0,0,1,0,0.7022812386788533
638,1078,1,2.5,0,3,0,56,0.6,158,2,6,257,1986,3471,10,2,2,1,0,0,3,0.9978699927326857
639,761,0,1.3,0,15,1,37,0.9,174,8,16,867,1978,2270,9,1,4,1,1,0,2,0.836585747340816
640,1758,1,2.1,0,14,0,29,0.1,155,3,20,60,1151,2940,14,5,9,0,1,1,2,0.7979303913827209
641,1745,1,2.0,0,13,0,47,0.6,154,2,18,1017,1953,1715,6,4,16,0,1,1,2,0.9748919674393228
642,1657,1,1.9,0,1,1,40,0.2,170,3,6,518,1723,841,13,10,13,1,0,1,0,0.714775558679385
643,968,1,0.9,0,10,1,26,0.5,88,5,14,954,1159,3381,14,5,10,1,0,1,3,0.9913668268203553
644,1329,0,2.8,1,1,0,10,1.0,105,4,10,871,1293,337,5,4,5,0,1,0,0,0.9996791512749267
645,1923,0,0.5,0,2,1,13,0.7,147,2,4,927,1623,1868,11,6,3,1,1,0,2,0.9821325968880213
646,613,0,2.5,0,0,0,53,0.4,200,8,0,519,586,1509,19,18,13,1,1,1,0,0.9977035469710239
647,1268,0,2.7,0,4,0,53,0.5,141,1,9,682,862,2903,17,0,16,0,1,0,2,0.9574562383219097
648,519,1,2.9,0,2,0,3,0.6,83,3,5,491,1527,1231,8,6,16,1,1,1,0,0.9971780009523231
649,1157,1,2.8,1,16,0,19,0.5,87,8,18,137,1154,1403,6,1,4,1,1,1,1,0.9565250149950315
650,519,0,0.6,1,7,1,45,0.1,186,7,11,1248,1733,1580,12,10,12,1,0,1,1,0.9993802434037506
651,1308,1,2.2,1,1,0,51,0.2,113,5,17,1471,1604,1189,14,1,11,0,1,0,1,0.9894791996619058
652,1403,1,0.5,0,4,1,42,0.5,144,8,9,1156,1252,1381,12,7,3,1,0,1,1,0.9955067013565351
653,936,0,2.7,0,2,1,38,0.6,122,1,17,766,1263,2826,19,15,10,1,0,0,2,0.97118009034445
654,1878,0,0.8,1,8,0,31,0.5,183,7,10,1369,1389,1342,17,14,18,0,1,1,1,0.6701064996211976
655,1141,1,2.9,1,1,1,2,1.0,92,2,4,456,1387,3386,6,0,11,1,0,0,3,0.9801462699230645
656,794,1,2.7,0,2,1,3,0.3,127,2,18,1559,1729,1141,18,6,3,1,0,1,1,0.9969994380542198
657,1260,0,1.9,1,3,0,60,0.9,85,2,6,973,1109,3964,15,8,18,1,0,1,3,0.9999999441899952
658,1281,0,3.0,1,2,1,6,0.6,191,2,9,363,811,2713,13,7,4,1,1,0,2,0.9337772508427403
659,1208,0,2.7,0,0,0,17,0.2,168,2,1,1686,1793,2165,9,1,19,1,1,1,2,0.9973570302591019
660,1023,1,2.8,1,16,0,44,0.7,176,4,17,629,1158,1830,14,11,6,0,0,0,1,0.9971317856279245
661,1515,0,2.2,0,9,0,36,0.1,118,3,10,796,1692,3546,7,6,10,1,1,1,3,0.9999998279743905
662,1333,1,1.8,1,1,0,45,0.6,128,5,5,557,1716,2585,7,1,13,1,1,1,2,0.9823930677994822
663,529,1,2.3,0,3,1,58,1.0,197,2,18,658,1294,873,11,5,4,1,1,0,0,0.9997171413028706
664,1887,0,1.7,0,6,1,41,0.9,81,8,15,939,973,1664,19,14,14,1,0,0,2,0.5924393998484793
665,876,0,2.7,0,12,1,41,0.3,92,7,16,140,512,3334,16,3,14,1,0,1,2,0.9776900540279898
666,687,1,2.0,1,13,1,56,0.8,131,7,19,580,736,569,18,1,6,1,1,1,0,0.9999683732300101
667,1153,1,2.8,1,0,1,62,0.2,94,5,0,186,1279,3353,7,5,10,1,0,0,3,0.9617173088521317
668,1637,1,1.7,1,5,1,33,0.4,118,6,16,1375,1474,3693,7,3,8,1,0,0,3,0.9999999937362819
669,1131,1,0.8,0,0,1,27,0.9,162,5,16,487,870,503,12,5,19,1,1,0,0,0.9999129354947361
670,1764,1,1.2,0,0,1,8,1.0,125,3,1,180,1443,2406,19,18,18,1,0,1,2,0.9947401341885984
671,1544,0,1.0,1,2,1,64,0.3,193,1,6,595,675,1715,8,0,16,1,1,1,1,0.9956512451159134
672,844,1,0.7,0,3,1,22,0.9,172,7,4,241,926,2179,10,6,6,1,1,1,1,0.9975365719346979
673,985,1,0.5,1,4,1,5,0.8,158,8,9,19,1496,3071,14,4,16,1,1,0,2,0.988624707666929
674,703,0,1.3,1,6,1,18,0.1,178,1,9,1182,1697,355,8,6,3,1,1,1,0,0.9998032942851284
675,1906,0,0.9,1,3,0,14,0.5,114,4,12,199,867,3375,6,3,19,1,0,1,3,0.9977483507645327
676,617,0,2.1,1,11,0,40,0.9,108,1,18,659,1318,2921,17,1,19,0,0,0,2,0.9911831136938735
677,617,1,0.6,0,7,0,47,0.5,153,8,18,356,838,341,11,3,5,0,1,1,0,0.9999928590430348
678,716,1,1.3,1,0,1,56,0.7,167,1,2,390,722,3947,6,3,5,1,1,1,3,0.967783880705944
679,676,0,1.0,0,1,1,54,0.8,182,5,2,805,1710,2650,5,0,3,1,0,0,2,0.974386255058789
680,1770,1,2.0,0,8,0,12,0.8,118,2,9,57,891,3816,8,4,19,1,0,0,3,0.9999992746725519
681,1857,0,1.9,1,0,0,62,0.6,147,1,0,1028,1465,336,19,0,5,0,0,0,0,0.9962230701207958
682,524,0,0.9,1,8,1,10,0.1,85,7,14,287,655,625,6,0,4,1,1,1,0,0.9999864267199896
683,576,0,0.9,1,8,0,56,0.1,174,5,17,1371,1426,3891,12,9,18,0,0,1,3,0.999999588784253
684,553,1,0.5,1,2,1,8,0.5,153,4,3,525,1601,1042,15,11,15,1,0,1,0,0.9988247962497745
685,1012,1,2.2,1,10,1,8,1.0,181,3,12,1176,1496,2141,18,14,15,1,1,0,2,0.6941079466632338
686,823,0,2.5,0,11,1,24,0.5,195,5,15,1364,1516,2279,6,4,3,1,0,1,2,0.8516523806238818
687,1928,0,0.5,1,5,0,44,0.9,109,8,19,701,1156,3828,9,4,12,1,0,0,3,0.9999999884363139
688,804,0,1.5,0,5,1,12,1.0,183,1,10,1805,1978,2310,10,8,13,1,0,0,2,0.9947096442478346
689,1517,0,1.6,1,0,1,42,0.7,101,3,1,483,1814,2162,9,0,18,1,1,0,2,0.9873029727009718
690,1500,0,2.8,1,7,0,39,0.1,176,8,11,808,1889,1988,10,6,10,1,0,0,2,0.9679549883817271
691,1425,1,1.2,0,4,1,37,0.7,135,7,6,666,1220,2786,17,1,19,1,0,0,2,0.7689905732364343
692,547,0,2.4,1,4,1,3,0.4,197,8,5,98,1506,1972,11,5,3,1,1,0,1,0.9998924753864453
693,1886,0,3.0,0,13,1,26,0.5,115,1,17,339,1670,1828,5,3,15,1,1,0,2,0.8897143228104233
694,1804,1,0.5,0,1,1,4,0.5,111,1,13,1235,1255,3286,17,8,17,1,0,0,3,0.9999996611073104
695,685,0,2.2,1,2,1,2,0.4,172,3,6,295,558,1282,7,6,10,1,1,1,0,0.9995273188468401
696,1352,0,0.5,1,8,1,22,0.9,111,2,12,346,682,1562,16,5,11,1,0,0,1,0.9982766755038381
697,1785,1,2.5,0,0,0,18,0.1,180,4,1,116,518,1202,12,4,18,0,0,1,0,0.975290464955385
698,1300,0,1.9,1,4,0,61,0.5,143,6,5,353,758,2262,16,11,10,0,0,0,1,0.7313683291448712
699,1184,1,2.1,0,2,1,33,0.5,199,8,5,483,1598,2828,6,4,15,1,1,1,2,0.9874447334953572
700,1180,0,2.3,1,7,1,24,0.2,198,2,16,486,1671,2025,8,0,19,1,0,0,1,0.7324069018392455
701,886,1,0.9,1,13,1,2,0.6,102,4,15,287,695,621,11,4,7,1,1,0,0,0.9999606630177437
702,1309,0,1.5,0,9,1,12,0.9,98,6,20,871,1484,293,15,0,9,1,1,0,0,0.9996506560548549
703,744,0,0.5,0,1,0,38,0.3,188,3,5,846,1701,2001,15,13,17,1,1,0,1,0.9193548459912265
704,1408,1,2.0,1,1,1,59,0.9,172,6,3,744,1211,393,15,11,16,1,0,1,0,0.999644701308739
705,734,1,2.7,1,1,1,32,0.8,93,8,5,138,1042,714,13,7,16,1,0,1,0,0.9999432036724692
706,500,0,1.4,0,0,0,28,0.4,128,3,1,1010,1854,3460,9,3,3,1,1,1,3,0.9869383469891057
707,1745,0,2.8,1,0,0,45,0.7,186,1,0,699,766,1019,6,4,5,0,1,0,0,0.8421384771508559
708,1296,1,1.0,1,6,0,43,0.2,171,3,13,501,609,1692,15,0,18,1,0,0,1,0.9997103169760866
709,1256,0,0.5,0,15,1,51,0.6,83,2,18,436,1308,2213,13,9,12,1,1,0,2,0.7867905034710734
710,782,1,1.8,1,8,0,20,0.6,109,5,19,406,1025,655,17,4,13,0,1,0,0,0.9999227102749636
711,965,1,0.8,0,5,0,24,0.7,105,4,7,403,718,1567,5,0,8,0,0,0,1,0.7299908271296922
712,652,1,2.9,1,4,1,14,0.2,196,6,18,248,1487,1706,12,4,5,1,0,0,1,0.7463149997397586
713,1847,0,2.8,1,6,0,29,0.7,112,7,13,1236,1374,1017,16,7,11,1,1,0,1,0.9915912862509157
714,1363,1,2.1,1,9,1,46,0.5,120,4,19,1247,1338,2951,7,0,3,1,0,0,3,0.989136373751
715,1946,0,0.5,0,0,1,39,0.4,112,5,1,198,1045,533,18,14,17,1,1,1,0,0.998911354365638
716,1701,1,1.6,1,2,1,53,0.8,88,6,14,1281,1776,3340,14,11,19,1,1,0,3,0.9999999461254777
717,1754,1,0.5,1,13,0,38,0.9,83,6,20,141,808,2765,6,4,7,1,1,0,2,0.9496930995670312
718,1938,0,2.9,0,0,1,37,1.0,94,4,1,1001,1714,3881,5,1,14,1,1,0,3,0.9999999996281144
719,992,1,2.6,1,10,0,52,0.3,107,7,12,663,1521,332,14,9,7,0,0,1,0,0.9998832530457294
720,897,0,2.4,1,7,1,38,0.8,110,2,9,1610,1612,519,6,5,7,1,1,0,0,0.9981635563213052
721,1423,1,0.5,1,7,0,58,0.9,112,3,9,993,1295,1683,15,13,16,0,1,1,1,0.7986258180695195
722,1343,0,0.5,1,6,1,23,0.4,97,5,17,643,817,2629,13,7,11,1,0,1,2,0.9906636991672767
723,761,1,2.6,0,5,1,52,0.8,141,3,18,883,985,2587,11,5,6,1,1,1,2,0.8258381378389306
724,1742,0,1.4,1,3,1,20,0.1,134,8,6,392,831,1828,18,7,13,1,1,1,1,0.9133658559380013
725,1181,1,0.8,1,0,1,51,0.9,198,5,5,71,586,608,15,10,19,1,0,0,0,0.9999538525362051
726,1754,0,1.7,1,1,1,58,0.9,197,3,17,823,1035,1446,18,3,2,1,1,1,1,0.9893345992725721
727,1315,1,0.5,1,0,1,58,0.8,86,2,3,245,1064,2258,17,2,16,1,1,0,2,0.5506494017529852
728,649,0,2.9,0,0,0,38,0.5,130,1,10,893,1185,558,8,4,11,1,1,1,0,0.9998934913995311
729,1967,1,0.6,0,2,0,25,1.0,109,6,9,108,751,1666,9,7,18,1,1,1,1,0.9724955575830807
730,926,0,1.7,0,2,0,12,0.8,179,2,9,801,880,2244,14,8,14,0,0,1,1,0.9162228678152116
731,933,0,1.8,1,9,0,33,0.2,191,8,19,129,925,758,14,13,8,0,0,0,0,0.9999036950543716
732,913,0,1.7,1,12,0,58,0.2,200,5,14,849,1993,1061,17,12,5,0,0,0,0,0.9059654938508886
733,1651,0,0.5,0,1,1,57,0.2,193,1,6,697,924,3421,9,0,15,1,1,1,3,0.9983253439698272
734,1154,1,1.7,0,5,1,42,0.5,117,5,7,1068,1851,3950,17,14,19,1,1,0,3,0.9999999928569453
735,1181,1,1.6,1,5,1,32,0.2,181,1,16,450,623,1435,11,10,13,1,1,0,0,0.9811841322580768
736,1933,0,0.5,1,0,0,63,0.4,181,8,6,242,668,3142,14,3,16,1,1,1,3,0.9426487663200753
737,1341,0,1.4,0,8,1,38,1.0,170,5,10,601,937,1579,16,4,19,1,0,1,1,0.9993672818147026
738,534,1,1.5,1,3,1,3,0.3,89,1,8,45,517,2987,18,0,16,1,0,1,1,0.71712058178828
739,1324,1,0.9,1,7,1,28,0.7,95,6,8,1243,1928,3269,12,3,19,1,1,1,3,0.9999994378751786
740,1803,1,2.6,0,7,1,9,0.9,112,2,12,156,1289,406,9,3,5,1,0,0,0,0.9994933803598501
741,1888,1,2.7,0,1,1,53,0.1,146,4,3,81,630,1604,10,6,6,1,1,1,1,0.9982753817225215
742,1540,0,1.0,0,4,1,40,0.4,162,5,7,93,1644,793,12,7,3,1,0,0,0,0.9960917007133095
743,1590,1,2.4,0,5,0,15,0.9,157,8,6,945,1015,1983,13,10,11,1,0,0,2,0.6763305465600716
744,1183,0,0.5,1,11,0,24,0.6,130,2,16,19,769,2637,16,1,6,1,1,1,2,0.6611669138274346
745,1774,1,0.5,1,1,0,45,0.8,145,4,16,217,1159,879,10,0,3,0,0,0,0,0.9862665928129625
746,1159,0,2.1,0,2,1,27,0.7,137,1,15,1526,1805,3258,8,0,2,1,0,0,3,0.9999991257695648
747,723,1,1.9,1,0,1,10,0.5,159,1,3,303,779,2380,12,4,16,1,0,0,1,0.9931580809177987
748,543,0,0.9,0,3,1,6,0.4,91,1,9,272,1317,564,8,5,12,1,0,1,0,0.999967055119406
749,1348,1,0.5,1,18,0,40,0.1,148,1,20,539,665,3543,12,1,11,0,0,0,3,0.9896203619206948
750,1836,0,0.6,0,18,1,57,0.8,111,5,20,169,876,1039,5,3,8,1,1,1,1,0.571716124812097
751,1290,0,1.3,0,0,0,31,0.7,117,8,0,599,750,1895,11,9,12,0,1,1,1,0.9835057788956078
752,645,1,2.9,1,3,0,5,0.1,185,3,6,446,1573,1315,11,1,4,1,0,0,0,0.9925717623079291
753,1654,0,2.0,0,2,0,58,0.7,119,7,3,460,1733,2801,8,0,5,1,0,0,3,0.9635407952750343
754,1156,1,2.3,1,0,1,3,1.0,95,2,0,1094,1518,3786,11,1,2,1,1,0,3,0.9999999155506054
755,1341,1,2.6,0,4,0,43,0.4,194,6,8,1096,1683,3065,6,5,11,0,1,0,3,0.9947450431186052
756,1427,0,0.6,0,8,1,40,0.8,121,8,12,249,1541,2338,10,8,4,1,0,0,2,0.967675223662516
757,1541,0,1.6,0,1,1,7,0.5,143,8,14,287,1791,3137,9,0,11,1,1,0,3,0.9933920103160897
758,1693,1,1.4,0,9,0,41,0.1,139,2,17,181,1760,575,16,5,20,0,0,1,0,0.99721654271017
759,1567,0,3.0,0,13,0,23,0.6,178,3,18,995,1215,3600,16,11,9,1,1,1,3,0.9999998007988766
760,1564,0,1.7,0,5,0,35,0.9,173,4,6,186,1210,2545,18,6,4,1,1,1,2,0.9890688391833992
761,1787,0,1.1,0,4,0,11,0.4,103,7,9,35,757,541,14,11,13,1,1,1,0,0.9997300253127794
762,770,1,0.6,0,12,1,33,0.4,90,2,14,128,657,1686,18,2,18,1,0,1,0,0.954624541592367
763,1748,1,0.8,0,1,0,7,0.5,189,7,4,196,802,989,12,7,8,0,1,0,0,0.9947931970826517
764,1859,0,0.5,1,0,1,47,0.1,85,7,0,35,1706,2691,14,13,19,1,0,1,3,0.8493515477961999
765,975,1,0.9,0,5,0,6,0.6,163,6,17,769,1669,3787,8,7,18,0,0,0,3,0.9999995455106468
766,1597,0,0.9,1,2,1,10,0.6,172,7,5,1455,1670,2138,12,7,18,1,0,0,2,0.9766826034424555
767,1941,0,2.3,1,9,0,42,0.7,108,4,12,36,726,763,13,3,14,0,1,1,0,0.9985157839058512
768,1061,0,2.6,1,6,0,49,0.6,133,7,20,1009,1222,2260,19,16,2,0,0,1,2,0.8548092192155426
769,1620,1,2.0,1,7,1,11,0.5,191,4,11,495,1668,1732,13,2,13,1,0,1,1,0.79965623471458
770,1366,1,1.3,0,5,0,51,1.0,129,3,15,875,1760,2716,17,15,2,0,1,0,3,0.860714895566238
771,1324,0,1.7,1,9,0,46,0.1,107,2,19,59,553,1424,16,7,13,1,0,0,0,0.9757338561420582
772,1363,1,2.6,1,1,1,39,0.2,129,5,2,550,1248,267,6,1,15,1,1,0,0,0.9998773859920248
773,1570,1,2.8,0,0,1,18,0.4,148,5,13,509,544,3153,6,2,7,1,1,1,2,0.6965842608840473
774,1524,0,2.1,1,6,1,64,0.4,83,5,16,351,592,2905,6,1,2,1,1,1,2,0.9299894953349954
775,1179,0,2.1,0,0,0,2,0.3,93,3,0,481,536,1435,19,13,2,0,1,0,0,0.6455142857382332
776,1555,0,0.5,1,8,1,2,0.9,90,2,11,57,516,3596,11,6,6,1,1,1,3,0.9816794158663492
777,981,1,0.5,1,1,0,15,0.5,159,5,10,74,1485,1831,17,10,7,1,1,1,1,0.9992251122725331
778,1920,1,2.5,0,6,1,8,0.4,194,1,7,588,1125,2099,10,5,4,1,1,1,2,0.9320915428350536
779,1470,0,0.5,0,0,0,54,0.1,84,6,1,556,1512,1790,16,7,19,0,1,1,1,0.5393559080159459
780,1986,0,0.8,0,5,1,13,0.2,108,8,7,757,1962,1190,7,5,17,1,1,0,1,0.7728708071642499
781,1371,0,2.8,1,2,1,19,0.6,94,4,3,1023,1676,1767,6,1,8,1,0,1,2,0.5244566557118536
782,1852,0,1.6,1,5,1,25,0.1,85,3,15,588,1353,3199,8,4,4,1,0,0,3,0.9999956836613196
783,1472,0,1.4,1,7,0,6,0.1,182,8,10,861,1131,1621,17,0,19,1,0,1,1,0.9798003164659304
784,1055,1,1.2,1,18,1,29,0.8,101,6,19,159,579,2364,13,3,3,1,1,1,1,0.9616742983212894
785,1371,1,2.1,1,0,0,3,0.3,173,2,12,35,785,2202,15,14,5,1,1,1,1,0.9635036192188441
786,782,0,1.1,0,0,1,38,0.4,199,7,2,349,1910,2753,14,13,20,1,0,1,2,0.9922033745297084
787,1452,1,0.9,1,6,1,36,0.5,82,5,12,667,1680,1005,12,4,15,1,0,1,1,0.9982659105666937
788,519,1,2.0,1,11,1,33,0.7,135,1,12,527,889,889,19,3,9,1,1,0,0,0.9998901357930279
789,1989,0,1.8,1,16,1,10,0.9,86,3,18,135,576,2158,14,8,4,1,0,0,2,0.7004443267810102
790,1754,0,1.6,0,0,0,15,0.1,166,5,1,318,1810,1966,12,7,7,1,0,0,2,0.9133703043611973
791,1329,0,1.0,0,3,1,42,0.1,144,7,4,579,896,774,14,8,10,1,1,1,0,0.9991542460316228
792,1093,0,1.1,1,0,0,42,0.4,114,1,4,762,1425,2856,12,3,2,0,0,1,2,0.8832882707466215
793,986,1,2.2,1,5,1,38,0.3,95,7,9,5,1359,343,15,13,12,1,1,0,0,0.9999731478253723
794,848,0,1.1,1,7,1,39,0.4,107,4,16,1768,1812,475,18,4,16,1,0,0,0,0.9973733949499591
795,1146,0,0.5,1,4,1,21,0.5,152,7,6,841,994,1182,15,2,19,1,0,0,0,0.8727163603064373
796,841,1,0.5,0,0,0,59,0.2,103,6,16,258,1642,1169,8,6,10,0,0,0,0,0.9946599914585024
797,1140,1,0.9,1,0,0,40,0.1,119,3,1,211,555,3386,13,4,2,1,0,0,2,0.789550934117804
798,1091,1,1.8,1,4,0,8,0.5,100,3,8,650,922,3626,5,0,14,1,1,1,3,0.9927188513951019
799,1360,0,0.7,0,8,1,25,0.4,108,7,20,493,681,3934,16,4,5,1,0,0,3,0.9999990148770569
800,1038,0,1.0,0,2,0,28,0.2,154,4,6,1019,1246,3913,11,1,16,1,1,0,3,0.9999998311411411
801,1111,0,2.5,1,4,0,46,0.4,152,1,11,110,1981,851,14,8,2,0,0,0,0,0.9973319875473083
802,1220,0,0.5,1,8,0,52,0.8,121,3,19,892,1470,1458,18,12,19,0,1,1,1,0.993058206730242
803,1636,1,1.8,0,9,0,52,0.9,188,5,11,555,635,2363,13,0,9,0,0,1,2,0.8978828262797509
804,1800,1,1.6,1,2,0,23,0.8,187,2,8,179,1137,1966,15,2,7,0,0,0,1,0.722756320933046
805,674,1,2.4,0,5,0,49,0.6,130,1,9,4,1936,2179,8,0,20,1,1,0,1,0.93940001845583
806,1591,1,2.4,0,4,0,3,0.5,192,8,5,669,700,615,19,6,12,1,0,1,0,0.9993645288509525
807,1190,0,0.8,0,5,0,61,0.6,145,3,16,345,1044,305,7,0,14,0,1,0,0,0.9999580615874728
808,572,0,2.8,0,4,1,35,0.2,99,6,5,563,1539,3106,12,1,16,1,0,0,2,0.9209084371437202
809,1143,1,2.9,0,0,0,64,1.0,143,8,0,381,535,2080,16,5,15,0,1,1,1,0.9919936709975515
810,1492,0,0.5,0,13,0,36,0.4,185,1,16,444,1764,592,10,7,18,0,0,1,0,0.997440269213792
811,1825,1,2.3,0,9,1,27,0.8,163,8,11,48,1005,2502,15,11,2,1,0,1,2,0.9881461986629544
812,1450,1,2.4,0,2,1,45,0.6,83,5,8,221,648,941,13,12,7,1,0,1,0,0.9990322583467659
813,1629,1,2.3,0,4,0,48,0.4,121,1,8,1260,1634,2532,5,4,14,1,0,0,3,0.8645351354211883
814,669,0,0.5,1,0,0,46,0.7,144,2,0,486,1854,2981,17,7,14,0,0,1,2,0.970038305677801
815,575,1,1.1,0,2,0,10,0.2,163,5,11,615,1825,2956,17,7,20,1,0,1,2,0.994640335653195
816,900,1,2.8,0,3,0,56,0.9,112,4,18,638,721,2281,8,2,14,1,1,1,1,0.8952582249449089
817,1057,1,0.5,0,4,1,42,0.7,112,7,7,809,824,2688,6,3,3,1,0,0,2,0.9780087645445227
818,1247,0,0.8,1,16,0,24,0.8,116,5,20,1114,1350,522,9,2,20,0,1,1,0,0.9987664109395327
819,1992,1,1.3,1,8,1,43,1.0,153,5,15,0,883,2179,7,6,20,1,1,0,2,0.8793056553849197
820,974,0,2.1,0,1,1,17,0.7,162,4,3,346,514,1901,16,0,9,1,0,1,1,0.9978425919362556
821,1715,1,0.5,1,8,1,47,0.4,116,8,9,900,1219,3163,18,15,11,1,0,1,3,0.9991679843825269
822,1570,0,0.5,0,15,1,26,0.6,157,2,20,319,1406,426,8,0,11,1,0,0,0,0.9995429937550795
823,1724,0,2.0,1,1,0,21,0.2,105,2,8,102,1609,695,16,0,12,1,1,0,0,0.995038941995443
824,1886,1,1.6,0,0,1,47,0.1,180,5,6,362,1606,3287,12,3,17,1,0,1,3,0.999998367094152
825,1177,0,2.4,1,7,1,38,0.7,162,6,16,1228,1975,1880,16,4,18,1,1,1,2,0.8958663421126919
826,1036,0,1.4,1,6,1,37,0.5,184,7,10,416,523,3864,5,2,13,1,1,1,3,0.9874246599553042
827,1336,1,2.6,0,7,0,26,0.5,83,5,17,238,1402,325,8,2,9,1,0,0,0,0.9998854854012521
828,1004,0,1.9,0,12,0,24,0.8,128,8,17,793,1537,650,6,0,17,0,1,0,0,0.9991320666784862
829,1123,1,2.9,1,10,0,5,0.1,145,3,15,670,1557,2567,11,8,10,0,1,1,2,0.9942953776941111
830,1730,0,1.3,1,2,1,48,0.4,198,2,13,1445,1934,2452,8,2,11,1,1,1,3,0.9338604489348621
831,1890,0,2.1,1,13,1,17,0.5,127,4,17,973,1546,2585,5,2,14,1,1,1,3,0.8982192399051735
832,1055,1,3.0,1,1,0,56,0.6,111,7,8,806,861,1532,5,0,13,1,0,0,1,0.9998607225410178
833,805,1,2.4,1,2,0,59,0.7,110,1,3,900,1984,2917,12,2,20,1,1,0,3,0.6121163811833272
834,608,0,1.3,1,15,1,2,0.4,139,3,16,98,643,3635,13,4,8,1,0,0,2,0.9735711821599803
835,1130,0,0.6,0,5,0,51,0.5,175,8,12,296,585,2098,5,2,18,1,0,0,1,0.9946779937209452
836,1208,1,0.7,0,8,0,13,0.9,86,3,18,763,865,484,11,9,3,1,1,1,0,0.9998289305021498
837,535,0,1.3,0,1,0,53,0.5,151,7,3,313,744,720,10,2,16,0,1,0,0,0.9999738742400474
838,1191,1,1.7,0,1,0,7,0.4,102,3,2,1354,1418,2734,18,5,15,1,1,0,2,0.5098402560919428
839,922,0,2.7,1,0,1,3,0.5,100,4,0,253,1364,3910,18,8,10,1,0,0,3,0.9999965585391419
840,966,1,0.5,0,3,0,37,0.7,123,3,7,1390,1896,817,6,5,20,1,0,0,0,0.7386539048743191
841,1351,1,0.7,0,10,0,48,0.5,134,8,16,700,727,3781,15,0,5,0,0,1,3,0.9999982448623079
842,732,0,1.3,1,12,1,48,0.5,141,4,16,663,1813,832,18,10,4,1,0,0,0,0.9986278444145827
843,1005,0,2.0,1,9,1,11,0.8,132,1,16,218,1123,939,11,4,8,1,1,1,0,0.9994289607550828
844,1575,1,2.4,1,2,0,22,0.7,81,2,7,142,1160,1091,16,8,7,0,0,1,0,0.658633242607779
845,1427,0,2.8,1,10,1,11,0.5,155,1,14,169,1784,2417,9,3,8,1,1,0,2,0.9859857630192778
846,1306,1,2.9,0,5,0,26,0.9,145,4,12,67,1247,2552,17,0,8,0,0,1,2,0.9319363060308669
847,1911,1,1.1,0,3,0,25,0.4,106,5,12,426,659,1251,11,0,2,1,0,0,1,0.9998268325711609
848,1170,1,2.2,0,4,1,63,0.7,83,1,5,442,1905,2658,11,10,11,1,0,1,2,0.9155568050976743
849,1278,0,1.5,1,6,0,64,0.2,146,8,13,764,1521,339,6,1,12,0,1,0,0,0.9996539965790923
850,1709,0,0.5,0,0,1,55,0.8,144,3,3,235,1310,3124,15,7,19,1,1,0,3,0.9865984616201606
851,1904,0,0.8,1,2,1,27,0.6,198,6,7,1102,1442,2387,5,4,19,1,0,1,2,0.811810341373199
852,1741,1,0.5,1,6,0,37,0.7,183,1,16,9,1562,1415,17,9,10,0,0,1,1,0.9981508123135103
853,1288,1,0.5,1,0,0,48,0.5,92,6,3,793,1021,2465,5,4,16,0,1,0,2,0.9871754060617436
854,1976,0,2.5,1,4,0,33,0.7,196,3,15,1014,1131,2947,16,11,4,1,1,1,3,0.9968033423685008
855,1270,0,0.5,0,1,1,62,0.5,142,4,2,566,695,3747,18,13,8,1,0,1,3,0.9991016681102822
856,1246,0,1.6,1,0,0,52,0.6,187,8,4,522,818,552,7,3,8,1,1,1,0,0.9998499004864839
857,1544,1,0.5,1,12,1,20,0.9,144,5,14,588,1414,1826,11,10,5,1,0,0,1,0.7668802319955957
858,671,0,0.5,0,1,0,38,0.1,105,8,5,605,722,2210,6,1,18,0,1,1,1,0.9908441176598177
859,582,1,2.3,1,6,1,51,0.9,156,4,14,1241,1367,2587,6,3,18,1,1,0,2,0.9621816589902034
860,1951,0,2.1,0,5,0,22,0.5,132,6,6,1044,1663,945,16,5,4,1,0,1,1,0.9924706410075301
861,822,0,1.1,1,2,0,44,0.9,146,2,4,269,527,3288,8,5,17,1,1,0,2,0.9940713280182545
862,733,1,0.5,1,9,1,63,0.1,153,4,10,715,993,3003,12,9,12,1,0,1,2,0.9933274953632604
863,820,1,0.5,1,10,1,15,0.3,149,8,12,165,532,702,6,0,19,1,1,0,0,0.9999716473945917
864,1455,0,2.2,1,8,1,19,0.3,174,4,10,91,628,2029,8,0,10,1,0,0,1,0.992893544712677
865,1723,1,0.6,1,1,0,57,0.3,122,5,19,1373,1572,3138,12,8,11,0,1,0,3,0.9999995645838214
866,1869,0,1.6,0,2,1,60,1.0,124,6,16,520,566,1521,14,8,18,1,1,0,1,0.9925412755532178
867,1670,0,0.5,0,1,1,33,0.9,127,2,3,185,807,1830,5,0,6,1,1,1,1,0.9827280264310769
868,1734,0,1.4,1,8,0,57,0.5,188,4,15,573,584,3822,9,4,6,0,1,1,3,0.9999996147149067
869,602,0,2.5,0,7,1,59,0.3,166,4,11,76,637,1914,11,2,10,1,1,0,0,0.9536080971884696
870,1060,0,2.5,1,6,1,31,0.6,162,1,11,582,1212,2819,10,4,16,1,1,1,2,0.9959467972026407
871,1445,1,1.4,0,11,1,8,0.7,164,4,14,772,1766,3120,7,3,15,1,0,0,3,0.9953297774482425
872,1005,1,1.6,1,6,0,32,0.6,199,7,13,883,1750,2119,14,9,5,1,1,1,2,0.6440736803824985
873,536,0,0.5,0,8,1,27,0.3,108,1,13,1573,1962,1676,14,7,20,1,0,1,1,0.9505420842054488
874,1255,0,1.1,0,0,1,34,0.2,85,3,1,118,722,1749,19,17,8,1,1,1,1,0.9997853872233449
875,1252,1,2.6,1,1,1,43,0.8,124,1,3,153,538,2447,18,15,11,1,0,0,1,0.7978055989767615
876,1471,1,2.0,0,0,1,54,0.7,127,8,0,193,1134,3315,17,1,4,1,0,1,3,0.982531351685626
877,914,1,2.3,1,0,1,47,0.5,119,3,3,727,796,3402,14,10,5,1,0,1,3,0.774094396032895
878,1439,1,2.6,1,3,1,14,0.3,101,8,6,686,716,763,5,3,4,1,0,0,0,0.998994775076347
879,732,1,0.5,0,6,0,60,0.1,92,4,9,670,1025,3065,19,12,14,0,1,1,2,0.9700806468257941
880,1025,1,1.9,0,3,1,38,0.7,138,7,5,108,1238,3530,5,0,11,1,1,0,3,0.9203349569875384
881,842,0,2.7,1,18,0,31,0.4,161,1,20,45,1634,496,14,1,14,1,1,0,0,0.9999360976200049
882,643,1,1.8,1,0,0,28,0.4,199,1,20,532,1273,2885,8,6,5,0,0,1,2,0.9510371672741273
883,667,0,0.7,1,8,0,23,0.8,136,4,14,666,1372,3720,19,10,10,1,1,0,3,0.9973578307685472
884,1791,1,2.3,0,5,0,29,0.9,196,1,6,1039,1602,2500,10,7,2,1,1,0,2,0.6825909795696806
885,1104,0,0.5,1,2,0,57,0.6,129,5,15,1591,1750,2254,14,7,16,1,1,0,2,0.9600525566497717
886,1276,1,3.0,0,5,1,33,0.6,136,4,13,15,1719,2395,11,1,10,1,1,0,2,0.9325526790075976
887,927,0,1.2,1,2,1,22,0.1,162,2,3,1106,1692,3741,7,4,5,1,0,1,3,0.9999997502177296
888,859,0,1.1,1,11,1,19,0.5,139,5,16,952,1713,2473,10,4,17,1,1,1,2,0.9861344480146705
889,1162,1,2.9,1,2,0,57,0.3,146,7,19,9,555,1316,10,2,3,1,0,1,0,0.9983679794354892
890,1876,0,2.4,0,11,0,22,0.7,168,2,18,157,1512,1403,15,11,13,1,0,0,1,0.9892581852503599
891,1057,0,2.7,1,3,0,36,0.7,105,3,11,1318,1351,2521,19,15,6,0,1,1,2,0.9735779170850357
892,1926,0,1.8,0,1,0,15,0.9,86,2,5,523,1699,735,5,2,8,0,1,0,1,0.9964487913485937
893,853,0,0.6,1,3,1,40,0.7,166,4,9,476,1382,2510,8,3,6,1,1,0,2,0.7018840538472574
894,1949,1,1.5,0,1,1,7,0.5,175,8,19,525,1419,1406,5,1,8,1,1,0,1,0.9576397977243958
895,1981,0,0.5,0,3,0,38,0.2,103,5,10,282,1051,1392,5,0,11,0,0,0,1,0.9900617277636864
896,1556,1,2.9,1,5,1,21,0.5,197,3,19,902,1451,1969,11,3,15,1,1,0,2,0.846010628937577
897,660,1,0.7,1,3,0,12,0.4,161,8,14,506,799,3549,19,18,12,1,0,1,2,0.6720706093546553
898,1955,1,1.4,0,1,0,30,0.2,91,6,2,220,759,2340,9,0,12,1,1,1,2,0.9858474314005361
899,1567,0,0.6,1,6,0,63,0.8,83,5,13,635,1112,1777,6,3,19,1,1,0,1,0.7176283886901873
900,1307,0,2.1,0,5,0,44,0.1,189,5,6,530,1203,2402,5,4,19,0,1,0,2,0.9437181330128739
901,1421,1,2.9,0,2,0,43,0.2,130,4,11,1516,1556,845,14,6,4,0,0,0,1,0.9998041529021209
902,1332,0,2.4,0,0,0,44,0.9,81,8,1,748,832,1176,16,10,10,0,1,1,1,0.7800083414968106
903,1628,1,1.4,1,4,0,3,0.4,184,6,20,436,1653,1624,11,1,19,0,0,0,1,0.9113191516502885
904,1752,0,2.6,1,8,1,17,0.4,115,5,10,1165,1540,3323,19,11,16,1,1,1,3,0.9999998396253246
905,1733,0,0.5,0,2,0,20,0.5,156,8,3,419,1806,1197,8,7,10,0,1,0,1,0.9970678125978305
906,1081,1,1.2,0,7,0,51,0.2,194,2,11,39,1852,412,16,4,7,1,0,0,0,0.9998743036873396
907,854,1,2.6,1,1,1,45,0.5,162,6,12,49,1146,2317,12,5,18,1,1,1,1,0.9657156297677586
908,1657,0,2.6,1,3,1,22,0.5,87,4,20,1019,1535,1852,15,5,12,1,1,0,2,0.9554843879347298
909,1053,0,2.1,0,4,0,12,0.1,95,7,7,6,1089,3701,13,1,17,0,1,0,3,0.9898404182147832
910,1370,0,2.9,0,2,1,24,0.3,100,5,3,804,992,1672,10,4,4,1,0,0,1,0.989223827206922
911,1652,1,1.5,1,1,0,57,0.1,175,6,17,555,714,489,12,2,2,1,1,1,0,0.9996716181230205
912,915,0,2.8,1,4,0,22,1.0,174,5,12,748,1840,572,7,1,10,1,1,1,0,0.9993011045847608
913,1272,1,0.5,0,1,1,50,0.7,129,8,18,377,1970,2969,15,2,10,1,0,1,3,0.9507837149866866
914,646,1,2.3,1,15,1,10,0.9,180,8,17,673,1135,3005,14,0,5,1,0,1,2,0.9866739984674874
915,1359,1,0.9,1,6,0,40,0.1,182,2,7,130,1030,2805,19,14,18,0,1,1,2,0.9947197028058233
916,1691,0,0.5,0,0,0,24,0.3,119,1,3,762,1643,2900,16,5,19,1,0,0,3,0.9935719082104683
917,796,1,1.5,1,3,0,62,0.7,99,8,12,214,843,434,16,2,16,0,1,1,0,0.9999856131595352
918,534,1,1.9,1,1,1,60,0.2,159,1,18,1216,1847,3599,10,4,8,1,0,1,3,0.9999966244389809
919,721,1,2.6,1,1,0,39,0.6,168,2,2,629,1509,3372,5,1,6,0,0,0,3,0.6483424404820215
920,675,1,2.8,0,11,0,44,0.1,169,5,20,135,1109,2980,15,12,6,1,1,1,2,0.9439921171619915
921,1182,1,1.4,1,5,1,21,0.5,107,2,17,625,1346,1765,13,5,6,1,1,0,1,0.983240526274125
922,1062,1,2.9,1,3,1,12,0.3,152,2,10,1041,1280,3664,9,6,4,1,1,1,3,0.9999987654737937
923,732,1,0.5,0,1,1,7,0.4,113,6,2,367,968,1423,13,2,19,1,1,1,0,0.9949906772628824
924,781,1,0.9,1,0,0,62,0.1,94,2,1,1117,1667,1442,9,0,16,1,0,1,1,0.9991397182714628
925,790,1,1.0,1,9,1,45,0.1,200,6,20,1068,1577,3184,17,5,13,1,0,1,3,0.8454871659979638
926,1480,1,0.9,0,0,0,62,0.9,199,1,0,464,868,1780,18,14,4,1,1,1,1,0.9931417200655172
927,946,1,1.0,0,13,0,56,0.7,128,6,14,349,541,2565,17,10,7,0,0,0,1,0.7217826214610632
928,1545,1,1.7,0,1,1,59,0.7,183,3,20,148,721,1443,8,2,16,1,0,1,1,0.5650752331621784
929,898,0,2.7,0,0,0,16,0.2,81,4,4,139,1660,2286,5,0,4,1,0,0,1,0.6904965966452117
930,1662,0,0.5,0,0,0,48,0.8,155,6,2,875,1362,2787,12,7,19,1,0,1,3,0.915013327965094
931,1056,0,2.2,0,6,0,2,0.4,166,6,13,527,825,3215,16,8,6,1,0,1,2,0.9454929056607644
932,1074,0,1.4,1,0,1,17,0.7,115,1,6,689,1628,401,18,11,12,1,1,0,0,0.9997261021487843
933,1772,1,0.5,0,0,1,55,0.5,149,5,0,405,727,3346,17,2,18,1,1,1,3,0.9943457473111174
934,694,1,0.5,1,6,0,3,0.8,107,3,10,1345,1514,991,11,3,19,0,1,0,0,0.9788325033863484
935,1387,1,1.0,0,0,1,3,0.9,154,6,5,75,655,2909,19,1,4,1,1,0,2,0.9858077996165456
936,1259,1,1.0,1,7,1,6,0.1,110,7,11,1611,1923,2897,16,14,19,1,0,0,3,0.999014244297632
937,1066,1,2.4,0,6,0,23,0.6,173,3,7,870,1026,896,12,9,10,0,0,1,0,0.9983422881950279
938,940,1,2.0,1,7,1,24,0.6,81,1,15,955,1845,2971,10,0,6,1,0,1,3,0.8448265742988325
939,1517,1,2.2,1,11,0,19,0.3,179,2,16,291,1592,1972,11,0,13,0,0,1,1,0.5552808385339044
940,986,0,1.4,1,6,1,29,0.2,122,7,10,1907,1911,2742,17,12,15,1,0,0,3,0.9946099048510514
941,1595,1,1.1,0,4,1,31,0.1,101,3,7,824,1052,2875,16,13,13,1,1,0,3,0.8667233324726306
942,708,0,2.4,1,0,0,56,0.7,104,7,1,999,1695,1920,7,3,11,1,1,0,1,0.9083365843710033
943,726,1,0.5,1,1,1,6,0.7,183,5,2,114,628,1653,8,5,17,1,0,1,0,0.996011043562841
944,761,1,0.5,0,4,1,5,0.8,181,1,17,562,829,3111,5,3,14,1,0,0,2,0.9913297886139211
945,643,0,2.6,0,0,1,8,0.3,115,4,4,724,1175,3740,8,7,13,1,0,1,3,0.9922670521734737
946,871,1,1.7,1,0,0,56,0.6,124,6,2,483,1045,1794,13,4,4,1,1,0,1,0.9997070250924426
947,1347,0,2.1,1,4,0,44,0.8,97,2,14,137,792,399,16,2,10,1,1,0,0,0.999953905762022
948,1659,0,2.7,0,18,0,64,0.7,83,2,19,727,1979,1778,10,9,13,1,0,1,2,0.9702616428236531
949,1259,0,1.2,0,0,1,61,0.5,82,5,15,1001,1158,1415,10,1,2,1,1,0,1,0.9983037588498184
950,544,0,1.6,0,5,1,39,0.1,91,6,7,101,718,3262,19,7,19,1,1,0,2,0.9820015082923721
951,1570,0,0.6,0,7,0,12,0.2,141,8,13,487,517,1895,18,11,5,0,0,1,1,0.9795203305286195
952,690,0,2.9,0,8,0,38,0.9,154,1,10,711,750,3427,13,6,20,0,0,0,2,0.8105581475085293
953,1053,0,2.5,1,12,1,3,0.6,86,4,19,910,1097,792,17,6,7,1,0,1,0,0.9988282695128754
954,1772,0,2.4,1,5,0,8,0.1,135,3,13,1337,1544,2297,8,6,4,1,0,1,2,0.806005652674086
955,1891,1,1.3,1,10,1,23,0.4,158,2,17,518,1357,2610,9,5,10,1,0,0,2,0.771155060950682
956,937,1,1.5,0,2,1,44,0.8,133,4,6,919,1782,493,9,7,15,1,0,1,0,0.9993780662499886
957,913,0,2.9,0,13,1,34,0.7,183,4,19,578,1726,2800,7,2,9,1,1,0,2,0.9934723270220981
958,1066,1,0.9,0,4,0,43,0.4,101,6,11,876,880,3856,14,0,6,1,0,1,3,0.9999986826801882
959,840,1,1.6,1,0,0,7,0.9,147,2,3,98,674,3327,19,6,12,0,0,1,2,0.9944731376880577
960,710,1,2.3,1,1,1,24,0.4,153,2,3,1714,1895,3678,18,4,18,1,1,1,3,0.9999999149437792
961,623,1,0.5,1,5,1,29,0.9,134,3,10,273,1814,717,12,5,13,1,0,0,0,0.9997732896622381
962,700,1,1.3,0,2,0,40,0.1,150,8,11,612,1325,2537,15,10,8,1,1,1,2,0.7404807011878137
963,995,0,2.6,1,4,0,7,0.8,157,1,6,1315,1804,1272,16,6,8,0,1,1,1,0.9992569055121283
964,1325,0,1.3,1,10,1,33,0.9,165,1,12,1653,1967,726,10,2,12,1,1,1,1,0.9966559323807261
965,1982,1,2.6,1,7,1,43,0.3,113,4,8,1409,1679,1791,9,2,8,1,1,0,2,0.9893276491726861
966,1401,0,2.7,0,0,0,16,0.1,187,5,4,975,1028,2668,11,8,20,1,0,0,2,0.9877921638394122
967,636,1,2.6,1,7,1,55,0.3,183,2,14,762,1596,3558,10,7,10,1,1,1,3,0.9795131278360782
968,1637,1,0.6,1,12,1,57,0.5,111,8,17,7,940,3329,11,9,6,1,1,0,3,0.987704328238668
969,1036,0,0.9,0,16,0,9,0.2,119,3,18,70,502,299,11,8,16,1,1,0,0,0.9999935463881301
970,1247,1,2.1,0,10,1,63,0.1,116,4,12,170,1028,2999,9,3,20,1,1,0,2,0.9628827214567707
971,1207,0,1.1,1,9,1,56,0.1,141,6,11,93,560,2293,12,4,19,1,1,0,1,0.94758777276031
972,1198,1,0.5,1,0,0,31,0.6,125,7,7,546,1223,2777,16,3,20,1,0,0,2,0.9802093344114606
973,1796,1,0.5,0,0,0,44,0.2,169,4,4,841,1803,1378,12,0,13,1,0,1,1,0.7951369633746028
974,1855,0,1.0,1,8,0,58,0.9,145,4,14,1080,1883,2834,14,2,3,1,1,0,3,0.9999962815756473
975,1557,1,1.6,0,7,0,26,0.3,154,5,14,665,1790,885,17,2,5,0,1,1,1,0.9597509420492302
976,958,0,0.5,1,0,1,47,0.7,116,8,0,300,501,1706,6,2,2,1,1,0,1,0.8394970311688774
977,1882,1,2.1,1,0,0,17,0.1,127,8,5,280,1171,2996,9,6,3,1,0,0,3,0.9620251733927063
978,1489,0,0.5,1,7,0,60,0.8,197,7,10,7,719,677,5,2,11,1,0,1,0,0.9998161368192732
979,1980,0,0.5,1,7,0,15,0.4,141,6,12,499,1029,1710,11,2,11,1,1,0,1,0.699711146947684
980,1235,0,1.8,1,3,0,21,0.5,197,3,4,1252,1284,464,14,2,17,0,1,1,0,0.9990677976679735
981,829,0,2.6,1,11,1,10,0.1,132,2,13,349,833,975,12,6,8,1,1,1,0,0.9997174936370372
982,1998,1,0.5,0,6,0,47,0.2,182,4,7,1603,1837,3918,9,4,9,1,0,1,3,0.9999999999834985
983,1814,0,1.6,0,6,1,3,0.7,156,5,16,1196,1666,2489,9,3,12,1,1,0,3,0.8571119388507505
984,1711,1,0.5,1,1,1,12,1.0,97,1,18,855,1199,2461,9,4,9,1,1,0,2,0.9541976231821726
985,971,1,2.1,0,9,0,7,0.3,143,4,17,1074,1885,811,18,2,13,1,1,0,0,0.9857241909160251
986,991,0,2.6,0,0,0,19,0.5,133,7,2,516,767,1358,16,14,20,0,1,0,0,0.9922183837895439
987,905,0,1.9,1,11,1,12,0.7,173,7,12,410,1021,852,19,0,3,1,1,0,0,0.9997019258689511
988,1653,1,1.3,0,0,0,49,0.7,99,7,4,206,936,377,9,7,10,1,0,0,0,0.9998492288100546
989,635,1,1.9,1,0,1,57,1.0,136,6,11,1257,1597,3954,15,4,20,1,1,0,3,0.9999998611992412
990,1807,0,1.2,0,4,0,37,0.8,162,1,11,246,932,2741,7,1,9,1,1,1,2,0.988913631202031
991,1797,1,2.6,0,4,0,42,0.6,174,3,20,57,1169,3359,16,6,18,1,1,1,3,0.995576904740066
992,1895,0,0.5,1,0,1,62,0.9,99,2,0,1019,1698,2563,10,8,13,1,0,1,3,0.990123186370681
993,567,1,2.7,1,14,1,56,0.4,165,8,17,555,1290,336,7,6,7,1,1,1,0,0.9999814626903786
994,936,1,1.4,1,0,0,46,0.8,139,2,0,265,886,684,8,5,12,1,1,1,0,0.9999171976149547
995,1700,1,1.9,0,0,1,54,0.5,170,7,17,644,913,2121,14,8,15,1,1,0,2,0.8853310210269921
996,609,0,1.8,1,0,0,13,0.9,186,4,2,1152,1632,1933,8,1,19,0,1,1,1,0.9746871954997761
997,1185,0,1.4,0,1,1,8,0.5,80,1,12,477,825,1223,5,0,14,1,0,0,0,0.9721833548735302
998,1533,1,0.5,1,0,0,50,0.4,171,2,12,38,832,2509,15,11,6,0,1,0,2,0.8767576925501834
999,1270,1,0.5,0,4,1,35,0.1,140,6,19,457,608,2828,9,2,3,1,0,1,2,0.9895051497116939
